x,t,u
-1.0,0.6628324166090724,0.0
-1.0,0.6548433339740164,0.0
-1.0,0.36860357108555963,0.0
-1.0,0.7945430323618542,0.0
-1.0,0.7364032222697223,0.0
-1.0,0.6063377242124001,0.0
-1.0,0.5689841301242968,0.0
-1.0,0.652165713529203,0.0
-1.0,0.1957555330285876,0.0
-1.0,0.3115153657122035,0.0
-1.0,0.22207948135209366,0.0
-1.0,0.4395580263134383,0.0
-1.0,0.34128563899837194,0.0
-1.0,0.8413323202767798,0.0
-1.0,0.6785080060974369,0.0
-1.0,0.848037679228375,0.0
-1.0,0.5589958932602125,0.0
-1.0,0.9973663215575322,0.0
-1.0,0.586260933623467,0.0
-1.0,0.1888427989276814,0.0
-1.0,0.4216261775244685,0.0
-1.0,0.34689865273547105,0.0
-1.0,0.07393933740655967,0.0
-1.0,0.9501964914624345,0.0
-1.0,0.6430706562879964,0.0
-1.0,0.38652617619007734,0.0
-1.0,0.27071698793916044,0.0
-1.0,0.47965266117174454,0.0
-1.0,0.21478879909200566,0.0
-1.0,0.340411506073501,0.0
-1.0,0.17040176132473217,0.0
-1.0,0.8094170005641578,0.0
-1.0,0.4549739822517259,0.0
-1.0,0.908859311193745,0.0
-1.0,0.5345883212500029,0.0
-1.0,0.7516814802953925,0.0
-1.0,0.3916798324583147,0.0
-1.0,0.15791492705857235,0.0
-1.0,0.2554654693419074,0.0
-1.0,0.7118102596199207,0.0
-1.0,0.23747166654059548,0.0
-1.0,0.1332829497753204,0.0
-1.0,0.978967775489712,0.0
-1.0,0.2131192445691643,0.0
-1.0,0.3413958002867792,0.0
-1.0,0.6393204507215206,0.0
-1.0,0.4208016110904562,0.0
-1.0,0.31304591467568,0.0
-1.0,0.4014780396830011,0.0
-1.0,0.9209496540259803,0.0
-1.0,0.5728852826715313,0.0
-1.0,0.6443894722406861,0.0
-1.0,0.3005809273312232,0.0
-1.0,0.7976267606457211,0.0
-1.0,0.2472829089263291,0.0
-1.0,0.38405146027269,0.0
-1.0,0.6629520113436811,0.0
-1.0,0.5298785040693127,0.0
-1.0,0.5857317584423168,0.0
-1.0,0.11839579266163436,0.0
-1.0,0.7890800563051095,0.0
-1.0,0.4930141712396724,0.0
-1.0,0.9634795315764438,0.0
-1.0,0.8861657078299131,0.0
-1.0,0.17847483149141674,0.0
-1.0,0.9685172402267728,0.0
-1.0,0.5261461696954315,0.0
-1.0,0.5521159679043831,0.0
-1.0,0.41388925566857226,0.0
-1.0,0.044706864307896055,0.0
-1.0,0.8716571607188787,0.0
-1.0,0.2731430041703785,0.0
-1.0,0.5954740096216163,0.0
-1.0,0.05011644255360004,0.0
-1.0,0.31024094619336806,0.0
-1.0,0.4275037718340592,0.0
-1.0,0.32000259594746183,0.0
-1.0,0.5443167547981618,0.0
-1.0,0.3553094838105749,0.0
-1.0,0.7354300800853826,0.0
-1.0,0.23506977736875434,0.0
-1.0,0.15985622972369617,0.0
-1.0,0.5475413907379575,0.0
-1.0,0.5777804280273983,0.0
-1.0,0.37529535493145594,0.0
-1.0,0.7982177716462315,0.0
-1.0,0.37205391517276465,0.0
-1.0,0.17507170314487785,0.0
-1.0,0.02374576352426394,0.0
-1.0,0.6619714380494129,0.0
-1.0,0.8986224699905112,0.0
-1.0,0.0304770549341975,0.0
-1.0,0.4904867501067548,0.0
-1.0,0.5280352714455073,0.0
-1.0,0.17529167034861004,0.0
-1.0,0.8778484321884983,0.0
-1.0,0.053483207874710725,0.0
-1.0,0.08808483426827063,0.0
-1.0,0.9159881414769971,0.0
-1.0,0.863936747801787,0.0
-1.0,0.8246565705680309,0.0
-1.0,0.8199756868416693,0.0
-1.0,0.4723174549404181,0.0
-1.0,0.37652172380487514,0.0
-1.0,0.7470995925133089,0.0
-1.0,0.9438044748989834,0.0
-1.0,0.7517032505779375,0.0
-1.0,0.26349670300019123,0.0
-1.0,0.2257969033007312,0.0
-1.0,0.7612168448624242,0.0
-1.0,0.24617152056152036,0.0
-1.0,0.49015616912104654,0.0
-1.0,0.9682054818399877,0.0
-1.0,0.8933896572194711,0.0
-1.0,0.9043204585662815,0.0
-1.0,0.7124692300434657,0.0
-1.0,0.2764797137928333,0.0
-1.0,0.9044030592885667,0.0
-1.0,0.5218260914565799,0.0
-1.0,0.2668950902257762,0.0
-1.0,0.2010318004267242,0.0
-1.0,0.6953262888092666,0.0
-1.0,0.19393161691796723,0.0
-1.0,0.017992952483433577,0.0
-1.0,0.9351831525945087,0.0
-1.0,0.6247252604748266,0.0
-1.0,0.8354179834559933,0.0
-1.0,0.7829167644654733,0.0
-1.0,0.6431889717307097,0.0
-1.0,0.5854022593859022,0.0
-1.0,0.6888457889847452,0.0
-1.0,0.8768820845580436,0.0
-1.0,0.9482820543204331,0.0
-1.0,0.4451615997199564,0.0
-1.0,0.273229212965578,0.0
-1.0,0.6296602966227534,0.0
-1.0,0.651062936949959,0.0
-1.0,0.6244550785853665,0.0
-1.0,0.499610354455746,0.0
-1.0,0.38601831086691907,0.0
-1.0,0.1134557278851035,0.0
-1.0,0.6841122102386339,0.0
-1.0,0.4994049432425295,0.0
-1.0,0.1659380998392278,0.0
-1.0,0.0871964148544816,0.0
-1.0,0.9083013612789717,0.0
-1.0,0.832621915780053,0.0
-1.0,0.32785272175406555,0.0
-1.0,0.7011176905126487,0.0
-1.0,0.20454418476444192,0.0
-1.0,0.43440750954542207,0.0
-1.0,0.9714269283675089,0.0
-1.0,0.6088384440105623,0.0
-1.0,0.11137805849307647,0.0
-1.0,0.8848756647355358,0.0
-1.0,0.8438020005082505,0.0
-1.0,0.03921995680736212,0.0
-1.0,0.5339472702760324,0.0
-1.0,0.3414919246595436,0.0
-1.0,0.715619633944836,0.0
-1.0,0.6211970346862606,0.0
-1.0,0.3376099544173765,0.0
-1.0,0.9287885779285858,0.0
-1.0,0.9335241786297639,0.0
-1.0,0.08151381785628076,0.0
-1.0,0.6704654939645666,0.0
-1.0,0.741297106946123,0.0
-1.0,0.26230138213078025,0.0
-1.0,0.7454128430056123,0.0
-1.0,0.6431383347414749,0.0
-1.0,0.3509146196775963,0.0
-1.0,0.4330474552148217,0.0
-1.0,0.7723065933088457,0.0
-1.0,0.2509136746125543,0.0
-1.0,0.5694443213524844,0.0
-1.0,0.8470181257619164,0.0
-1.0,0.5805667373192491,0.0
-1.0,0.4801941007635939,0.0
-1.0,0.4309090260646147,0.0
-1.0,0.585042076136387,0.0
-1.0,0.043236149519807254,0.0
-1.0,0.12323826804354177,0.0
-1.0,0.018953674298477385,0.0
-1.0,0.6735803053155118,0.0
-1.0,0.23910811250796993,0.0
-1.0,0.31230358227803434,0.0
-1.0,0.6154492524263346,0.0
-1.0,0.8858075795956587,0.0
-1.0,0.11660320133307411,0.0
-1.0,0.7388067283449908,0.0
-1.0,0.9804897328524795,0.0
-1.0,0.3450924573980786,0.0
-1.0,0.5273718616321763,0.0
-1.0,0.0223298213640325,0.0
-1.0,0.24182176923033194,0.0
-1.0,0.5520270113722417,0.0
-1.0,0.7743858310145738,0.0
-1.0,0.8454690233284415,0.0
-1.0,0.11344915476332551,0.0
-1.0,0.5012935451331639,0.0
-1.0,0.8441721371021227,0.0
-1.0,0.37287154623646535,0.0
-1.0,0.9482787162850261,0.0
-1.0,0.4041987274266713,0.0
-1.0,0.228579153802145,0.0
-1.0,0.18569836849757293,0.0
-1.0,0.380396164217371,0.0
-1.0,0.8127290892758038,0.0
-1.0,0.7526609653950931,0.0
-1.0,0.9126767267970696,0.0
-1.0,0.8273641352243387,0.0
-1.0,0.060821161126649925,0.0
-1.0,0.1889998115643764,0.0
-1.0,0.4692043274840667,0.0
-1.0,0.28021107939073364,0.0
-1.0,0.9123714328165203,0.0
-1.0,0.7906081515491792,0.0
-1.0,0.36369643610965885,0.0
-1.0,0.5214284040328452,0.0
-1.0,0.3360225475194044,0.0
-1.0,0.7372131333071562,0.0
-1.0,0.3130469411346345,0.0
-1.0,0.880363446200283,0.0
-1.0,0.6419132667770487,0.0
-1.0,0.036167215752966,0.0
-1.0,0.13449637227025468,0.0
-1.0,0.759979073967503,0.0
-1.0,0.7972924277041783,0.0
-1.0,0.7888198025228657,0.0
-1.0,0.42767500487776366,0.0
-1.0,0.17566758481674727,0.0
-1.0,0.15391845171057383,0.0
-1.0,0.94929341445504,0.0
-1.0,0.8569204664351313,0.0
-1.0,0.518789317032583,0.0
-1.0,0.9477798333027382,0.0
-1.0,0.7788452965822076,0.0
-1.0,0.05741133645712859,0.0
-1.0,0.5553951407317799,0.0
-1.0,0.8527551511773857,0.0
-1.0,0.7814787457601629,0.0
-1.0,0.46316279384947656,0.0
-1.0,0.9331675062284447,0.0
-1.0,0.9455717389333365,0.0
-1.0,0.7630355398357411,0.0
-1.0,0.8511827527520895,0.0
-1.0,0.8752637131468575,0.0
-1.0,0.9714600943922453,0.0
-1.0,0.9075508126510345,0.0
-1.0,0.928930321689322,0.0
-1.0,0.41493488274497314,0.0
-1.0,0.6612780093023611,0.0
-1.0,0.39224074087065275,0.0
-1.0,0.8610981045541604,0.0
-1.0,0.22674595831039512,0.0
-1.0,0.06355395983792334,0.0
-1.0,0.4990900829438294,0.0
-1.0,0.9468265038057684,0.0
-1.0,0.8274679993949692,0.0
-1.0,0.8338574497418171,0.0
-1.0,0.517323780209547,0.0
-1.0,0.1107083149245115,0.0
-1.0,0.2507727226619002,0.0
-1.0,0.3321929663582619,0.0
-1.0,0.5476050519248927,0.0
-1.0,0.42061825433175604,0.0
-1.0,0.9946236805657089,0.0
-1.0,0.8884460026987435,0.0
-1.0,0.9203977390135563,0.0
-1.0,0.8221536306355212,0.0
-1.0,0.607528401006803,0.0
-1.0,0.3982378958331547,0.0
-1.0,0.31878892803429004,0.0
-1.0,0.45524849150626634,0.0
-1.0,0.13743216069208586,0.0
-1.0,0.38573478454112753,0.0
-1.0,0.7500614540692714,0.0
-1.0,0.3909862055601757,0.0
-1.0,0.745635065573156,0.0
-1.0,0.6731972228897838,0.0
-1.0,0.11871979654379605,0.0
-1.0,0.2749608209494272,0.0
-1.0,0.7026006713593425,0.0
-1.0,0.2112238285003023,0.0
-1.0,0.8491192389951627,0.0
-1.0,0.7619649671705743,0.0
-1.0,0.4074232725477477,0.0
-1.0,0.9732459167574284,0.0
-1.0,0.6857719637190234,0.0
-1.0,0.8442407049884676,0.0
-1.0,0.3580688667013241,0.0
-1.0,0.31907498125952205,0.0
-1.0,0.08608401777287089,0.0
-1.0,0.7039137429581499,0.0
-1.0,0.6711473179822127,0.0
-1.0,0.7545791146705385,0.0
-1.0,0.7496193879041577,0.0
-1.0,0.7645362828707595,0.0
-1.0,0.832955560844971,0.0
-1.0,0.1121178388708135,0.0
-1.0,0.29901598174826616,0.0
-1.0,0.9143871264283071,0.0
-1.0,0.6891844782714907,0.0
-1.0,0.7485288820240389,0.0
-1.0,0.936206017951881,0.0
-1.0,0.1314084640353168,0.0
-1.0,0.8662168915979352,0.0
-1.0,0.8914319416717892,0.0
-1.0,0.7532054652027136,0.0
-1.0,0.836270128801911,0.0
-1.0,0.1624763115717257,0.0
-1.0,0.3524459824397568,0.0
-1.0,0.39620810594506395,0.0
-1.0,0.29293344516325726,0.0
-1.0,0.6788178603207156,0.0
-1.0,0.7270984865191475,0.0
-1.0,0.7226951943697624,0.0
-1.0,0.04504742390541128,0.0
-1.0,0.07554053970057162,0.0
-1.0,0.8660245522006462,0.0
-1.0,0.7144993209252396,0.0
-1.0,0.4649697175631118,0.0
-1.0,0.21953735322971146,0.0
-1.0,0.9470482214159467,0.0
-1.0,0.007793232949376505,0.0
-1.0,0.47780692301614724,0.0
-1.0,0.4641505191970998,0.0
-1.0,0.44831865296127194,0.0
-1.0,0.8749116869585294,0.0
-1.0,0.6539178080355139,0.0
-1.0,0.4966691629735034,0.0
-1.0,0.18343645804443842,0.0
-1.0,0.23299974346742958,0.0
-1.0,0.5221697406848472,0.0
-1.0,0.12643322598177698,0.0
-1.0,0.3953534894917251,0.0
-1.0,0.9953615585863547,0.0
-1.0,0.32059640280550417,0.0
-1.0,0.20612835834785848,0.0
-1.0,0.990954234040426,0.0
-1.0,0.06724726976633799,0.0
-1.0,0.6583176051897254,0.0
-1.0,0.7984294174340281,0.0
-1.0,0.9716898950712898,0.0
-1.0,0.7376178205174224,0.0
-1.0,0.1338538132889755,0.0
-1.0,0.1874964682971334,0.0
-1.0,0.29333098664585766,0.0
-1.0,0.24129923187662372,0.0
-1.0,0.6061502255345267,0.0
-1.0,0.4913120078440929,0.0
-1.0,0.9045417555808197,0.0
-1.0,0.6318706547363723,0.0
-1.0,0.9053761351449671,0.0
-1.0,0.7021666228729937,0.0
-1.0,0.21858046407702103,0.0
-1.0,0.7720063299961873,0.0
-1.0,0.771822512753018,0.0
-1.0,0.14360719942216982,0.0
-1.0,0.9495480367515668,0.0
-1.0,0.7509917370257806,0.0
-1.0,0.7907945475402699,0.0
-1.0,0.7426350612403372,0.0
-1.0,0.4072642610398588,0.0
-1.0,0.6739888356620725,0.0
-1.0,0.29259942147920215,0.0
-1.0,0.67519196071855,0.0
-1.0,0.24456026028431166,0.0
-1.0,0.07581634161437178,0.0
-1.0,0.6092285791318942,0.0
-1.0,0.8595672188029704,0.0
-1.0,0.25236475062653496,0.0
-1.0,0.02030509302285166,0.0
-1.0,0.432916512944455,0.0
-1.0,0.5838681970674301,0.0
-1.0,0.013476288708983097,0.0
-1.0,0.004550917788790354,0.0
-1.0,0.22803553979965985,0.0
-1.0,0.20473072027239847,0.0
-1.0,0.47267354797925576,0.0
-1.0,0.6796130824432254,0.0
-1.0,0.7936805049552174,0.0
-1.0,0.6885436449004849,0.0
-1.0,0.500971208029755,0.0
-1.0,0.4801827744744951,0.0
-1.0,0.8449791750807747,0.0
-1.0,0.04034048117392797,0.0
-1.0,0.5984395261705273,0.0
-1.0,0.6532176830546429,0.0
-1.0,0.3444715465408015,0.0
-1.0,0.760875837069213,0.0
-1.0,0.996846164040942,0.0
-1.0,0.238865072190528,0.0
-1.0,0.903842227411563,0.0
-1.0,0.9170361884726023,0.0
-1.0,0.43302532059275467,0.0
-1.0,0.8442633733986906,0.0
-1.0,0.6354135140101383,0.0
-1.0,0.17160181868830837,0.0
-1.0,0.39471145223945714,0.0
-1.0,0.10994099526619638,0.0
-1.0,0.42653743593482374,0.0
-1.0,0.8236187928253078,0.0
-1.0,0.2148358378048456,0.0
-1.0,0.51702234308001,0.0
-1.0,0.04827347335392551,0.0
-1.0,0.3384087112117239,0.0
-1.0,0.4921496617323535,0.0
-1.0,0.009125150550084005,0.0
-1.0,0.1957909048898996,0.0
-1.0,0.7440913616615894,0.0
-1.0,0.6844065043760189,0.0
-1.0,0.08883395534151661,0.0
-1.0,0.4325707726809259,0.0
-1.0,0.2743905703631899,0.0
-1.0,0.9584894475272773,0.0
-1.0,0.8542678338343065,0.0
-1.0,0.36358063243319105,0.0
-1.0,0.07773396510330854,0.0
-1.0,0.5843861725763982,0.0
-1.0,0.6141132514884465,0.0
-1.0,0.3955633639730901,0.0
-1.0,0.4021940620847012,0.0
-1.0,0.0012817442092989406,0.0
-1.0,0.9472665610204893,0.0
-1.0,0.635743483320766,0.0
-1.0,0.0023593333170542907,0.0
-1.0,0.24894251864981654,0.0
-1.0,0.6471272219387907,0.0
-1.0,0.49894896782954834,0.0
-1.0,0.8463566620207522,0.0
-1.0,0.7517381080933238,0.0
-1.0,0.47538561991611694,0.0
-1.0,0.4784823709170045,0.0
-1.0,0.6845140376525266,0.0
-1.0,0.30786828219045925,0.0
-1.0,0.6864799628236301,0.0
-1.0,0.7509768473416276,0.0
-1.0,0.06419304030028639,0.0
-1.0,0.4425699839558914,0.0
-1.0,0.638571724974234,0.0
-1.0,0.9140706676256468,0.0
-1.0,0.38278147658486694,0.0
-1.0,0.4810183891960177,0.0
-1.0,0.39298446643322515,0.0
-1.0,0.3891720959412376,0.0
-1.0,0.1184085539791131,0.0
-1.0,0.9714219832831281,0.0
-1.0,0.6446701841939289,0.0
-1.0,0.058616249392742015,0.0
-1.0,0.8124123118730672,0.0
-1.0,0.19951958883114773,0.0
-1.0,0.8043120538251656,0.0
-1.0,0.9234953627768782,0.0
-1.0,0.7072731912329135,0.0
-1.0,0.004180982566964864,0.0
-1.0,0.32854942717839286,0.0
-1.0,0.9220678671928271,0.0
-1.0,0.010267269322027484,0.0
-1.0,0.5661917256831094,0.0
-1.0,0.5152736537959544,0.0
-1.0,0.3164453669552473,0.0
-1.0,0.7583644419830327,0.0
-1.0,0.5773015198264073,0.0
-1.0,0.09342231549597568,0.0
-1.0,0.8148691745806448,0.0
-1.0,0.3541833640346109,0.0
-1.0,0.20723737404709486,0.0
-1.0,0.44859496686667366,0.0
-1.0,0.10379792568743529,0.0
-1.0,0.2566180479947673,0.0
-1.0,0.5717041840384322,0.0
-1.0,0.07400589720447837,0.0
-1.0,0.36218597619940596,0.0
-1.0,0.24539882010359426,0.0
-1.0,0.6393141159861646,0.0
-1.0,0.19860724780327477,0.0
-1.0,0.4327338225670484,0.0
-1.0,0.9990737561291531,0.0
-1.0,0.6007533766390509,0.0
-1.0,0.4492496618283284,0.0
-1.0,0.9564204099489664,0.0
-1.0,0.12723411384215655,0.0
-1.0,0.456699321614797,0.0
-1.0,0.9177684366693563,0.0
-1.0,0.36523178843641624,0.0
-1.0,0.9752185097300259,0.0
-1.0,0.9397862905914871,0.0
-1.0,0.3211049495199493,0.0
-1.0,0.6532442687191443,0.0
-1.0,0.340978221968948,0.0
-1.0,0.4710900144607364,0.0
-1.0,0.12615660154885378,0.0
-1.0,0.9333433390464791,0.0
-1.0,0.8038646298131472,0.0
-1.0,0.29235918431536656,0.0
-1.0,0.38007688647048365,0.0
-1.0,0.7788053449369704,0.0
-1.0,0.870075227070184,0.0
-1.0,0.6114565362958222,0.0
-1.0,0.3902206422621771,0.0
-1.0,0.7077194557955547,0.0
-1.0,0.24962326263979207,0.0
-1.0,0.9432144328020438,0.0
-1.0,0.9400624833328278,0.0
-1.0,0.25608279844912807,0.0
-1.0,0.9958064251547296,0.0
-1.0,0.35545650916122395,0.0
-1.0,0.5877862507115831,0.0
-1.0,0.1723280129303626,0.0
-1.0,0.9289878351669195,0.0
-1.0,0.003741208794145967,0.0
-1.0,0.8535306795217981,0.0
-1.0,0.6855497709069643,0.0
-1.0,0.8936094332824939,0.0
-1.0,0.9130309031706708,0.0
-1.0,0.9368125892880774,0.0
-1.0,0.5078911990038623,0.0
-1.0,0.3635596205590972,0.0
-1.0,0.08844984261035127,0.0
-1.0,0.47989893826308516,0.0
-1.0,0.7416804469653752,0.0
-1.0,0.08855127049109668,0.0
-1.0,0.013547807630614028,0.0
-1.0,0.8144661929349547,0.0
-1.0,0.6919192509974166,0.0
-1.0,0.42419310452017445,0.0
-1.0,0.433949909831013,0.0
-1.0,0.7897885735726421,0.0
-1.0,0.5107581382009047,0.0
-1.0,0.27431839408293857,0.0
-1.0,0.5548235458235907,0.0
-1.0,0.7536892914766183,0.0
-1.0,0.4691793577724823,0.0
-1.0,0.7057447090711123,0.0
-1.0,0.10347288431019175,0.0
-1.0,0.35058448584163626,0.0
-1.0,0.2994427759271381,0.0
-1.0,0.5499469763540661,0.0
-1.0,0.7270621753025888,0.0
-1.0,0.42572046594287904,0.0
-1.0,0.07313369516924462,0.0
-1.0,0.3591938154174046,0.0
-1.0,0.9718088356680181,0.0
-1.0,0.603866336161665,0.0
-1.0,0.09123768908011765,0.0
-1.0,0.16303610275271696,0.0
-1.0,0.9781425208580417,0.0
-1.0,0.17053069216666472,0.0
-1.0,0.18993001215320904,0.0
-1.0,0.20581491869965862,0.0
-1.0,0.38170719382241247,0.0
-1.0,0.5353127543938814,0.0
-1.0,0.2555975402430033,0.0
-1.0,0.8532049880776027,0.0
-1.0,0.8953590759013037,0.0
-1.0,0.30464808555498857,0.0
-1.0,0.2991929871875365,0.0
-1.0,0.49709763425149567,0.0
-1.0,0.6914325421061531,0.0
-1.0,0.746641958401224,0.0
-1.0,0.0617946662445632,0.0
-1.0,0.030637492997675042,0.0
-1.0,0.3409110445093424,0.0
-1.0,0.24750014694900258,0.0
-1.0,0.09058467484182164,0.0
-1.0,0.27158423972917367,0.0
-1.0,0.7590525208873239,0.0
-1.0,0.33081251846913073,0.0
-1.0,0.12449402895277606,0.0
-1.0,0.33358044982741586,0.0
-1.0,0.16022299448215993,0.0
-1.0,0.01668986403325834,0.0
-1.0,0.3469344644858403,0.0
-1.0,0.5690321769285197,0.0
-1.0,0.5189784188500438,0.0
-1.0,0.9676104270927932,0.0
-1.0,0.973777222022364,0.0
-1.0,0.2502448919920248,0.0
-1.0,0.3757780363854545,0.0
-1.0,0.5216825084859754,0.0
-1.0,0.9285242513676581,0.0
-1.0,0.7911339052966674,0.0
-1.0,0.9019221400980917,0.0
-1.0,0.9299535375935326,0.0
-1.0,0.5796163988892514,0.0
-1.0,0.9037280695587672,0.0
-1.0,0.8767737955303005,0.0
-1.0,0.6768023018310318,0.0
-1.0,0.3541745520809192,0.0
-1.0,0.2610385591047003,0.0
-1.0,0.6588183602405409,0.0
-1.0,0.9982119793478605,0.0
-1.0,0.3460579401108138,0.0
-1.0,0.6028920837922777,0.0
-1.0,0.7327156244267943,0.0
-1.0,0.08041168802210219,0.0
-1.0,0.2285916183942942,0.0
-1.0,0.8942554503437777,0.0
-1.0,0.24251448932534114,0.0
-1.0,0.03851501606459662,0.0
-1.0,0.14751985159002734,0.0
-1.0,0.20736439069833645,0.0
-1.0,0.8649802854435813,0.0
-1.0,0.024854791236954554,0.0
-1.0,0.4135237156195535,0.0
-1.0,0.0026619570857832064,0.0
-1.0,0.6837293782889424,0.0
-1.0,0.4994503798739429,0.0
-1.0,0.19791426673157841,0.0
-1.0,0.9823081390634594,0.0
-1.0,0.7346683162560865,0.0
-1.0,0.19893452105700915,0.0
-1.0,0.6711527228961238,0.0
-1.0,0.4423634127773999,0.0
-1.0,0.12299753988626982,0.0
-1.0,0.49711538807917244,0.0
-1.0,0.5921846346438006,0.0
-1.0,0.31022653333461203,0.0
-1.0,0.15278275037325006,0.0
-1.0,0.853523449567123,0.0
-1.0,0.7105256837229289,0.0
-1.0,0.4681465810748142,0.0
-1.0,0.3199198181171854,0.0
-1.0,0.9284070067990016,0.0
-1.0,0.5292095802956789,0.0
-1.0,0.09230545031191606,0.0
-1.0,0.020541474794606218,0.0
-1.0,0.8857893847756799,0.0
-1.0,0.06328052709021803,0.0
-1.0,0.7878839523509199,0.0
-1.0,0.8184285414181075,0.0
-1.0,0.1171756361517895,0.0
-1.0,0.9220443652095618,0.0
-1.0,0.7610486574797962,0.0
-1.0,0.2185672176008281,0.0
-1.0,0.15079806007070518,0.0
-1.0,0.038095232230312304,0.0
-1.0,0.6087568724847462,0.0
-1.0,0.6139356784078294,0.0
-1.0,0.4045482606045716,0.0
-1.0,0.866784512837786,0.0
-1.0,0.6733143004878626,0.0
-1.0,0.061132132656342986,0.0
-1.0,0.9604937832436007,0.0
-1.0,0.7859049061328655,0.0
-1.0,0.444857048658185,0.0
-1.0,0.7663814172412496,0.0
-1.0,0.1297565660536263,0.0
-1.0,0.444241630635429,0.0
-1.0,0.9837839397294831,0.0
-1.0,0.9898194872559678,0.0
-1.0,0.14761644259064244,0.0
-1.0,0.35487529244183336,0.0
-1.0,0.6314494306041185,0.0
-1.0,0.5825185753660324,0.0
-1.0,0.4712574438548779,0.0
-1.0,0.17498833978964579,0.0
-1.0,0.9195282854493573,0.0
-1.0,0.07699610134894996,0.0
-1.0,0.16625731042955505,0.0
-1.0,0.4914799864745184,0.0
-1.0,0.6556489672059612,0.0
-1.0,0.44773829230707496,0.0
-1.0,0.37888850545713315,0.0
-1.0,0.26501571218323516,0.0
-1.0,0.9047100291263097,0.0
-1.0,0.2228044703755232,0.0
-1.0,0.3557441324785152,0.0
-1.0,0.41356444300027184,0.0
-1.0,0.04834197046671018,0.0
-1.0,0.7717265248779204,0.0
-1.0,0.3458422403353649,0.0
-1.0,0.6736880584337734,0.0
-1.0,0.13007118186147992,0.0
-1.0,0.6549338105466109,0.0
-1.0,0.8324206129776311,0.0
-1.0,0.15681465601316713,0.0
-1.0,0.42554332351264446,0.0
-1.0,0.3971911737871241,0.0
-1.0,0.37532466821758503,0.0
-1.0,0.8074677788652908,0.0
-1.0,0.8072543636396817,0.0
-1.0,0.1109401541321633,0.0
-1.0,0.9905650113028911,0.0
-1.0,0.22319530490695405,0.0
-1.0,0.14378684415385168,0.0
-1.0,0.16031635625457208,0.0
-1.0,0.30186658416962675,0.0
-1.0,0.6294725715112912,0.0
-1.0,0.4048800637715426,0.0
-1.0,0.44900815724377896,0.0
-1.0,0.9476200729956058,0.0
-1.0,0.7295281518744704,0.0
-1.0,0.3433097289965815,0.0
-1.0,0.05483568178278153,0.0
-1.0,0.6614629521470862,0.0
-1.0,0.11388927624246747,0.0
-1.0,0.15993372846939313,0.0
-1.0,0.8620415993835334,0.0
-1.0,0.2511006642828175,0.0
-1.0,0.03300158041116552,0.0
-1.0,0.6469129336199478,0.0
-1.0,0.7628958428075632,0.0
-1.0,0.13397481838843217,0.0
-1.0,0.11536915884635401,0.0
-1.0,0.4877939609631534,0.0
-1.0,0.4708151655373817,0.0
-1.0,0.31218327703467796,0.0
-1.0,0.06971742821039983,0.0
-1.0,0.9524659097432899,0.0
-1.0,0.41054027737353416,0.0
-1.0,0.9170051790572239,0.0
-1.0,0.1958964257500282,0.0
-1.0,0.8138399223921297,0.0
-1.0,0.12184292254518914,0.0
-1.0,0.8856020339507014,0.0
-1.0,0.8600973860986157,0.0
-1.0,0.9165513184345099,0.0
-1.0,0.05790069196703751,0.0
-1.0,0.577894654313768,0.0
-1.0,0.6014879517375012,0.0
-1.0,0.9670223387501061,0.0
-1.0,0.746084968427012,0.0
-1.0,0.563948002005359,0.0
-1.0,0.30963172372567005,0.0
-1.0,0.3636994616417729,0.0
-1.0,0.0939931789518299,0.0
-1.0,0.026148423710583568,0.0
-1.0,0.06625325303043728,0.0
-1.0,0.11343833201710596,0.0
-1.0,0.9040646035273227,0.0
-1.0,0.15662356197501248,0.0
-1.0,0.9793086616398063,0.0
-1.0,0.7146260450410876,0.0
-1.0,0.49734910693464773,0.0
-1.0,0.8497217836134074,0.0
-1.0,0.9147723543667378,0.0
-1.0,0.7633935015464596,0.0
-1.0,0.3393449257824456,0.0
-1.0,0.3928106980621361,0.0
-1.0,0.3272773847873325,0.0
-1.0,0.4410914115964286,0.0
-1.0,0.4666856560612769,0.0
-1.0,0.7766238600647364,0.0
-1.0,0.722818637854413,0.0
-1.0,0.965393099094673,0.0
-1.0,0.8019715233128997,0.0
-1.0,0.735671921936378,0.0
-1.0,0.9792532414831971,0.0
-1.0,0.10458498254428494,0.0
-1.0,0.3866071930579462,0.0
-1.0,0.43904548629291296,0.0
-1.0,0.3894799268292617,0.0
-1.0,0.489800214237909,0.0
-1.0,0.37437595126996626,0.0
-1.0,0.141101531550479,0.0
-1.0,0.978634866909825,0.0
-1.0,0.4674351068725098,0.0
-1.0,0.887371356432024,0.0
-1.0,0.7535450938482733,0.0
-1.0,0.9006726381565991,0.0
-1.0,0.09876162475639427,0.0
-1.0,0.7696808571686383,0.0
-1.0,0.6905449584038568,0.0
-1.0,0.3655886898776788,0.0
-1.0,0.34289921483588437,0.0
-1.0,0.358782775219319,0.0
-1.0,0.7799117343902566,0.0
-1.0,0.8272396305001257,0.0
-1.0,0.3758090528701613,0.0
-1.0,0.4721953988411113,0.0
-1.0,0.6121059955350708,0.0
-1.0,0.9995924726511949,0.0
-1.0,0.24299458405114605,0.0
-1.0,0.28964768579141287,0.0
-1.0,0.17981081654651132,0.0
-1.0,0.33507588076791095,0.0
-1.0,0.7001292579774763,0.0
-1.0,0.5214120854774824,0.0
-1.0,0.4492906564354412,0.0
-1.0,0.5958022414912305,0.0
-1.0,0.7155443481210303,0.0
-1.0,0.3056036986185058,0.0
-1.0,0.03654875651517531,0.0
-1.0,0.7712009948184184,0.0
-1.0,0.9967221688964784,0.0
-1.0,0.6105723701490873,0.0
-1.0,0.6783726520919684,0.0
-1.0,0.821485125600191,0.0
-1.0,0.2783847174794273,0.0
-1.0,0.2837134069741897,0.0
-1.0,0.2385928816170627,0.0
-1.0,0.4024344435252113,0.0
-1.0,0.5516367578127119,0.0
-1.0,0.6448705759353461,0.0
-1.0,0.04491015490518602,0.0
-1.0,0.6630091002477708,0.0
-1.0,0.229573470901293,0.0
-1.0,0.6514648990368477,0.0
-1.0,0.6719172816937474,0.0
-1.0,0.7552622523174677,0.0
-1.0,0.8668532160476718,0.0
-1.0,0.5421779406839281,0.0
-1.0,0.03196316739644689,0.0
-1.0,0.6626230815965916,0.0
-1.0,0.47655989226177786,0.0
-1.0,0.7610234988233522,0.0
-1.0,0.9430515695119882,0.0
-1.0,0.7781349898494219,0.0
-1.0,0.3802783811604975,0.0
-1.0,0.22583981538667708,0.0
-1.0,0.5436852267727141,0.0
-1.0,0.8291964906120146,0.0
-1.0,0.7660339629484706,0.0
-1.0,0.3900554077691094,0.0
-1.0,0.638496785180967,0.0
-1.0,0.14622000359091258,0.0
-1.0,0.6193572295431318,0.0
-1.0,0.2959399058781722,0.0
-1.0,0.7043436397420811,0.0
-1.0,0.2506264582752904,0.0
-1.0,0.6306099598998778,0.0
-1.0,0.04165891775331387,0.0
-1.0,0.32845376187624475,0.0
-1.0,0.7553511639562849,0.0
-1.0,0.05814871238127739,0.0
-1.0,0.25826308328935765,0.0
-1.0,0.3289711530250592,0.0
-1.0,0.5236030509964446,0.0
-1.0,0.6139643706906395,0.0
-1.0,0.7723775274600471,0.0
-1.0,0.3338426364944117,0.0
-1.0,0.411429047399517,0.0
-1.0,0.44411694413703684,0.0
-1.0,0.19946631126846603,0.0
-1.0,0.3759372472821453,0.0
-1.0,0.5762195777327823,0.0
-1.0,0.24170340431502801,0.0
-1.0,0.7356183084718811,0.0
-1.0,0.9650830819996258,0.0
-1.0,0.738919941486285,0.0
-1.0,0.08080978117356297,0.0
-1.0,0.5040079339750603,0.0
-1.0,0.6564919854688142,0.0
-1.0,0.8714138232580169,0.0
-1.0,0.03248785882529981,0.0
-1.0,0.019027587127986467,0.0
-1.0,0.43175400726672386,0.0
-1.0,0.5159371078530183,0.0
-1.0,0.3710913378450017,0.0
-1.0,0.3571013974091386,0.0
-1.0,0.9973413056138158,0.0
-1.0,0.5882733815686637,0.0
-1.0,0.8028271030740948,0.0
-1.0,0.9407377319588902,0.0
-1.0,0.15380293911338094,0.0
-1.0,0.6213389547715731,0.0
-1.0,0.8401411883363097,0.0
-1.0,0.8776256493139049,0.0
-1.0,0.9155610900382647,0.0
-1.0,0.4903060458110462,0.0
-1.0,0.1907806658592458,0.0
-1.0,0.9880136755002392,0.0
-1.0,0.2929187337848064,0.0
-1.0,0.17305151814179076,0.0
-1.0,0.6669390813195444,0.0
-1.0,0.45405159651754035,0.0
-1.0,0.7433222711915536,0.0
-1.0,0.6778756094490441,0.0
-1.0,0.4585476886323634,0.0
-1.0,0.7723446437861141,0.0
-1.0,0.03729964351095816,0.0
-1.0,0.9937214384030281,0.0
-1.0,0.4325725676387445,0.0
-1.0,0.5536493414362632,0.0
-1.0,0.8731743572829884,0.0
-1.0,0.10317894750153644,0.0
-1.0,0.09619768033931886,0.0
-1.0,0.02141422996918063,0.0
-1.0,0.058648405202081255,0.0
-1.0,0.09989884845430552,0.0
-1.0,0.4694213839166491,0.0
-1.0,0.05004551193051743,0.0
-1.0,0.5003491323222329,0.0
-1.0,0.6760073853515066,0.0
-1.0,0.2827246566275048,0.0
-1.0,0.9687473105660056,0.0
-1.0,0.7486418530228569,0.0
-1.0,0.9920993046678258,0.0
-1.0,0.5743646281166924,0.0
-1.0,0.8441770788293449,0.0
-1.0,0.9328090697784213,0.0
-1.0,0.8885483959266535,0.0
-1.0,0.7963397780039105,0.0
-1.0,0.292947029305609,0.0
-1.0,0.041126454315277505,0.0
-1.0,0.304084997199217,0.0
-1.0,0.938811933943054,0.0
-1.0,0.9027090851931169,0.0
-1.0,0.19658679369686116,0.0
-1.0,0.5371252437607176,0.0
-1.0,0.6965675789966083,0.0
-1.0,0.2571361130005386,0.0
-1.0,0.34031646833578555,0.0
-1.0,0.17637374704430853,0.0
-1.0,0.641563749228761,0.0
-1.0,0.8812489566292241,0.0
-1.0,0.9716451982203868,0.0
-1.0,0.9251531379284543,0.0
-1.0,0.7549865551816913,0.0
-1.0,0.04108316218542063,0.0
-1.0,0.09494517608390585,0.0
-1.0,0.13784699822804425,0.0
-1.0,0.021893039839454564,0.0
-1.0,0.6056083356761518,0.0
-1.0,0.11378118201996479,0.0
-1.0,0.4868345695113806,0.0
-1.0,0.06535268936339,0.0
-1.0,0.09658499756897099,0.0
-1.0,0.6278263031230025,0.0
-1.0,0.20431213672885362,0.0
-1.0,0.057770052006800965,0.0
-1.0,0.011239889937856185,0.0
-1.0,0.2883502774824557,0.0
-1.0,0.5042195330384623,0.0
-1.0,0.8728085229214698,0.0
-1.0,0.0013503409762775087,0.0
-1.0,0.505708211577727,0.0
-1.0,0.22374979110795812,0.0
-1.0,0.7394880597753533,0.0
-1.0,0.5168202240764712,0.0
-1.0,0.5406202728661719,0.0
-1.0,0.7459743155730273,0.0
-1.0,0.540151269036224,0.0
-1.0,0.9477757415082605,0.0
-1.0,0.8885426477132629,0.0
-1.0,0.30304964058365047,0.0
-1.0,0.9574548503532939,0.0
-1.0,0.1053596413844129,0.0
-1.0,0.15662462162555613,0.0
-1.0,0.3552105609143974,0.0
-1.0,0.3213876290531765,0.0
-1.0,0.6229915525528981,0.0
-1.0,0.8385670460481963,0.0
-1.0,0.4325160778617806,0.0
-1.0,0.5519952982142181,0.0
-1.0,0.6946144675030083,0.0
-1.0,0.4675917278134598,0.0
-1.0,0.1428342870720407,0.0
-1.0,0.6216374240007889,0.0
-1.0,0.35355007185666343,0.0
-1.0,0.8257253149349486,0.0
-1.0,0.8250829194500346,0.0
-1.0,0.3354995236573539,0.0
-1.0,0.06557995792895432,0.0
-1.0,0.6768224512591374,0.0
-1.0,0.28248888712070763,0.0
-1.0,0.5781972893246896,0.0
-1.0,0.9282420361791441,0.0
-1.0,0.4989541070258746,0.0
-1.0,0.9807452228258514,0.0
-1.0,0.9160910754295412,0.0
-1.0,0.6379740379616857,0.0
-1.0,0.07050110507211405,0.0
-1.0,0.20950724406144683,0.0
-1.0,0.9429946698315896,0.0
-1.0,0.21222002894438208,0.0
-1.0,0.6467298290924407,0.0
-1.0,0.8681805043709693,0.0
-1.0,0.7956077366365071,0.0
-1.0,0.022148785398855453,0.0
-1.0,0.30102098487363593,0.0
-1.0,0.05041542712788716,0.0
-1.0,0.7726454954992172,0.0
-1.0,0.587213648894166,0.0
-1.0,0.87124487132157,0.0
-1.0,0.4494182003000762,0.0
-1.0,0.23191510222716538,0.0
-1.0,0.5757926208842206,0.0
-1.0,0.7704926501668689,0.0
-1.0,0.07241455319451207,0.0
-1.0,0.2964534939312645,0.0
-1.0,0.25034047921820046,0.0
-1.0,0.6768783812942103,0.0
-1.0,0.3143892615599506,0.0
-1.0,0.5853477218685416,0.0
-1.0,0.3702697916111892,0.0
-1.0,0.4132073053541533,0.0
-1.0,0.17457522222627375,0.0
-1.0,0.6798587044748314,0.0
-1.0,0.9449798660317049,0.0
-1.0,0.11656910574113888,0.0
-1.0,0.5325505117583802,0.0
-1.0,0.31258461443917873,0.0
-1.0,0.33798733011793913,0.0
-1.0,0.6498950258391889,0.0
-1.0,0.8432383950891844,0.0
-1.0,0.7142556390204116,0.0
-1.0,0.007500287246717141,0.0
1.0,0.6628324166090724,0.0
1.0,0.6548433339740164,0.0
1.0,0.36860357108555963,0.0
1.0,0.7945430323618542,0.0
1.0,0.7364032222697223,0.0
1.0,0.6063377242124001,0.0
1.0,0.5689841301242968,0.0
1.0,0.652165713529203,0.0
1.0,0.1957555330285876,0.0
1.0,0.3115153657122035,0.0
1.0,0.22207948135209366,0.0
1.0,0.4395580263134383,0.0
1.0,0.34128563899837194,0.0
1.0,0.8413323202767798,0.0
1.0,0.6785080060974369,0.0
1.0,0.848037679228375,0.0
1.0,0.5589958932602125,0.0
1.0,0.9973663215575322,0.0
1.0,0.586260933623467,0.0
1.0,0.1888427989276814,0.0
1.0,0.4216261775244685,0.0
1.0,0.34689865273547105,0.0
1.0,0.07393933740655967,0.0
1.0,0.9501964914624345,0.0
1.0,0.6430706562879964,0.0
1.0,0.38652617619007734,0.0
1.0,0.27071698793916044,0.0
1.0,0.47965266117174454,0.0
1.0,0.21478879909200566,0.0
1.0,0.340411506073501,0.0
1.0,0.17040176132473217,0.0
1.0,0.8094170005641578,0.0
1.0,0.4549739822517259,0.0
1.0,0.908859311193745,0.0
1.0,0.5345883212500029,0.0
1.0,0.7516814802953925,0.0
1.0,0.3916798324583147,0.0
1.0,0.15791492705857235,0.0
1.0,0.2554654693419074,0.0
1.0,0.7118102596199207,0.0
1.0,0.23747166654059548,0.0
1.0,0.1332829497753204,0.0
1.0,0.978967775489712,0.0
1.0,0.2131192445691643,0.0
1.0,0.3413958002867792,0.0
1.0,0.6393204507215206,0.0
1.0,0.4208016110904562,0.0
1.0,0.31304591467568,0.0
1.0,0.4014780396830011,0.0
1.0,0.9209496540259803,0.0
1.0,0.5728852826715313,0.0
1.0,0.6443894722406861,0.0
1.0,0.3005809273312232,0.0
1.0,0.7976267606457211,0.0
1.0,0.2472829089263291,0.0
1.0,0.38405146027269,0.0
1.0,0.6629520113436811,0.0
1.0,0.5298785040693127,0.0
1.0,0.5857317584423168,0.0
1.0,0.11839579266163436,0.0
1.0,0.7890800563051095,0.0
1.0,0.4930141712396724,0.0
1.0,0.9634795315764438,0.0
1.0,0.8861657078299131,0.0
1.0,0.17847483149141674,0.0
1.0,0.9685172402267728,0.0
1.0,0.5261461696954315,0.0
1.0,0.5521159679043831,0.0
1.0,0.41388925566857226,0.0
1.0,0.044706864307896055,0.0
1.0,0.8716571607188787,0.0
1.0,0.2731430041703785,0.0
1.0,0.5954740096216163,0.0
1.0,0.05011644255360004,0.0
1.0,0.31024094619336806,0.0
1.0,0.4275037718340592,0.0
1.0,0.32000259594746183,0.0
1.0,0.5443167547981618,0.0
1.0,0.3553094838105749,0.0
1.0,0.7354300800853826,0.0
1.0,0.23506977736875434,0.0
1.0,0.15985622972369617,0.0
1.0,0.5475413907379575,0.0
1.0,0.5777804280273983,0.0
1.0,0.37529535493145594,0.0
1.0,0.7982177716462315,0.0
1.0,0.37205391517276465,0.0
1.0,0.17507170314487785,0.0
1.0,0.02374576352426394,0.0
1.0,0.6619714380494129,0.0
1.0,0.8986224699905112,0.0
1.0,0.0304770549341975,0.0
1.0,0.4904867501067548,0.0
1.0,0.5280352714455073,0.0
1.0,0.17529167034861004,0.0
1.0,0.8778484321884983,0.0
1.0,0.053483207874710725,0.0
1.0,0.08808483426827063,0.0
1.0,0.9159881414769971,0.0
1.0,0.863936747801787,0.0
1.0,0.8246565705680309,0.0
1.0,0.8199756868416693,0.0
1.0,0.4723174549404181,0.0
1.0,0.37652172380487514,0.0
1.0,0.7470995925133089,0.0
1.0,0.9438044748989834,0.0
1.0,0.7517032505779375,0.0
1.0,0.26349670300019123,0.0
1.0,0.2257969033007312,0.0
1.0,0.7612168448624242,0.0
1.0,0.24617152056152036,0.0
1.0,0.49015616912104654,0.0
1.0,0.9682054818399877,0.0
1.0,0.8933896572194711,0.0
1.0,0.9043204585662815,0.0
1.0,0.7124692300434657,0.0
1.0,0.2764797137928333,0.0
1.0,0.9044030592885667,0.0
1.0,0.5218260914565799,0.0
1.0,0.2668950902257762,0.0
1.0,0.2010318004267242,0.0
1.0,0.6953262888092666,0.0
1.0,0.19393161691796723,0.0
1.0,0.017992952483433577,0.0
1.0,0.9351831525945087,0.0
1.0,0.6247252604748266,0.0
1.0,0.8354179834559933,0.0
1.0,0.7829167644654733,0.0
1.0,0.6431889717307097,0.0
1.0,0.5854022593859022,0.0
1.0,0.6888457889847452,0.0
1.0,0.8768820845580436,0.0
1.0,0.9482820543204331,0.0
1.0,0.4451615997199564,0.0
1.0,0.273229212965578,0.0
1.0,0.6296602966227534,0.0
1.0,0.651062936949959,0.0
1.0,0.6244550785853665,0.0
1.0,0.499610354455746,0.0
1.0,0.38601831086691907,0.0
1.0,0.1134557278851035,0.0
1.0,0.6841122102386339,0.0
1.0,0.4994049432425295,0.0
1.0,0.1659380998392278,0.0
1.0,0.0871964148544816,0.0
1.0,0.9083013612789717,0.0
1.0,0.832621915780053,0.0
1.0,0.32785272175406555,0.0
1.0,0.7011176905126487,0.0
1.0,0.20454418476444192,0.0
1.0,0.43440750954542207,0.0
1.0,0.9714269283675089,0.0
1.0,0.6088384440105623,0.0
1.0,0.11137805849307647,0.0
1.0,0.8848756647355358,0.0
1.0,0.8438020005082505,0.0
1.0,0.03921995680736212,0.0
1.0,0.5339472702760324,0.0
1.0,0.3414919246595436,0.0
1.0,0.715619633944836,0.0
1.0,0.6211970346862606,0.0
1.0,0.3376099544173765,0.0
1.0,0.9287885779285858,0.0
1.0,0.9335241786297639,0.0
1.0,0.08151381785628076,0.0
1.0,0.6704654939645666,0.0
1.0,0.741297106946123,0.0
1.0,0.26230138213078025,0.0
1.0,0.7454128430056123,0.0
1.0,0.6431383347414749,0.0
1.0,0.3509146196775963,0.0
1.0,0.4330474552148217,0.0
1.0,0.7723065933088457,0.0
1.0,0.2509136746125543,0.0
1.0,0.5694443213524844,0.0
1.0,0.8470181257619164,0.0
1.0,0.5805667373192491,0.0
1.0,0.4801941007635939,0.0
1.0,0.4309090260646147,0.0
1.0,0.585042076136387,0.0
1.0,0.043236149519807254,0.0
1.0,0.12323826804354177,0.0
1.0,0.018953674298477385,0.0
1.0,0.6735803053155118,0.0
1.0,0.23910811250796993,0.0
1.0,0.31230358227803434,0.0
1.0,0.6154492524263346,0.0
1.0,0.8858075795956587,0.0
1.0,0.11660320133307411,0.0
1.0,0.7388067283449908,0.0
1.0,0.9804897328524795,0.0
1.0,0.3450924573980786,0.0
1.0,0.5273718616321763,0.0
1.0,0.0223298213640325,0.0
1.0,0.24182176923033194,0.0
1.0,0.5520270113722417,0.0
1.0,0.7743858310145738,0.0
1.0,0.8454690233284415,0.0
1.0,0.11344915476332551,0.0
1.0,0.5012935451331639,0.0
1.0,0.8441721371021227,0.0
1.0,0.37287154623646535,0.0
1.0,0.9482787162850261,0.0
1.0,0.4041987274266713,0.0
1.0,0.228579153802145,0.0
1.0,0.18569836849757293,0.0
1.0,0.380396164217371,0.0
1.0,0.8127290892758038,0.0
1.0,0.7526609653950931,0.0
1.0,0.9126767267970696,0.0
1.0,0.8273641352243387,0.0
1.0,0.060821161126649925,0.0
1.0,0.1889998115643764,0.0
1.0,0.4692043274840667,0.0
1.0,0.28021107939073364,0.0
1.0,0.9123714328165203,0.0
1.0,0.7906081515491792,0.0
1.0,0.36369643610965885,0.0
1.0,0.5214284040328452,0.0
1.0,0.3360225475194044,0.0
1.0,0.7372131333071562,0.0
1.0,0.3130469411346345,0.0
1.0,0.880363446200283,0.0
1.0,0.6419132667770487,0.0
1.0,0.036167215752966,0.0
1.0,0.13449637227025468,0.0
1.0,0.759979073967503,0.0
1.0,0.7972924277041783,0.0
1.0,0.7888198025228657,0.0
1.0,0.42767500487776366,0.0
1.0,0.17566758481674727,0.0
1.0,0.15391845171057383,0.0
1.0,0.94929341445504,0.0
1.0,0.8569204664351313,0.0
1.0,0.518789317032583,0.0
1.0,0.9477798333027382,0.0
1.0,0.7788452965822076,0.0
1.0,0.05741133645712859,0.0
1.0,0.5553951407317799,0.0
1.0,0.8527551511773857,0.0
1.0,0.7814787457601629,0.0
1.0,0.46316279384947656,0.0
1.0,0.9331675062284447,0.0
1.0,0.9455717389333365,0.0
1.0,0.7630355398357411,0.0
1.0,0.8511827527520895,0.0
1.0,0.8752637131468575,0.0
1.0,0.9714600943922453,0.0
1.0,0.9075508126510345,0.0
1.0,0.928930321689322,0.0
1.0,0.41493488274497314,0.0
1.0,0.6612780093023611,0.0
1.0,0.39224074087065275,0.0
1.0,0.8610981045541604,0.0
1.0,0.22674595831039512,0.0
1.0,0.06355395983792334,0.0
1.0,0.4990900829438294,0.0
1.0,0.9468265038057684,0.0
1.0,0.8274679993949692,0.0
1.0,0.8338574497418171,0.0
1.0,0.517323780209547,0.0
1.0,0.1107083149245115,0.0
1.0,0.2507727226619002,0.0
1.0,0.3321929663582619,0.0
1.0,0.5476050519248927,0.0
1.0,0.42061825433175604,0.0
1.0,0.9946236805657089,0.0
1.0,0.8884460026987435,0.0
1.0,0.9203977390135563,0.0
1.0,0.8221536306355212,0.0
1.0,0.607528401006803,0.0
1.0,0.3982378958331547,0.0
1.0,0.31878892803429004,0.0
1.0,0.45524849150626634,0.0
1.0,0.13743216069208586,0.0
1.0,0.38573478454112753,0.0
1.0,0.7500614540692714,0.0
1.0,0.3909862055601757,0.0
1.0,0.745635065573156,0.0
1.0,0.6731972228897838,0.0
1.0,0.11871979654379605,0.0
1.0,0.2749608209494272,0.0
1.0,0.7026006713593425,0.0
1.0,0.2112238285003023,0.0
1.0,0.8491192389951627,0.0
1.0,0.7619649671705743,0.0
1.0,0.4074232725477477,0.0
1.0,0.9732459167574284,0.0
1.0,0.6857719637190234,0.0
1.0,0.8442407049884676,0.0
1.0,0.3580688667013241,0.0
1.0,0.31907498125952205,0.0
1.0,0.08608401777287089,0.0
1.0,0.7039137429581499,0.0
1.0,0.6711473179822127,0.0
1.0,0.7545791146705385,0.0
1.0,0.7496193879041577,0.0
1.0,0.7645362828707595,0.0
1.0,0.832955560844971,0.0
1.0,0.1121178388708135,0.0
1.0,0.29901598174826616,0.0
1.0,0.9143871264283071,0.0
1.0,0.6891844782714907,0.0
1.0,0.7485288820240389,0.0
1.0,0.936206017951881,0.0
1.0,0.1314084640353168,0.0
1.0,0.8662168915979352,0.0
1.0,0.8914319416717892,0.0
1.0,0.7532054652027136,0.0
1.0,0.836270128801911,0.0
1.0,0.1624763115717257,0.0
1.0,0.3524459824397568,0.0
1.0,0.39620810594506395,0.0
1.0,0.29293344516325726,0.0
1.0,0.6788178603207156,0.0
1.0,0.7270984865191475,0.0
1.0,0.7226951943697624,0.0
1.0,0.04504742390541128,0.0
1.0,0.07554053970057162,0.0
1.0,0.8660245522006462,0.0
1.0,0.7144993209252396,0.0
1.0,0.4649697175631118,0.0
1.0,0.21953735322971146,0.0
1.0,0.9470482214159467,0.0
1.0,0.007793232949376505,0.0
1.0,0.47780692301614724,0.0
1.0,0.4641505191970998,0.0
1.0,0.44831865296127194,0.0
1.0,0.8749116869585294,0.0
1.0,0.6539178080355139,0.0
1.0,0.4966691629735034,0.0
1.0,0.18343645804443842,0.0
1.0,0.23299974346742958,0.0
1.0,0.5221697406848472,0.0
1.0,0.12643322598177698,0.0
1.0,0.3953534894917251,0.0
1.0,0.9953615585863547,0.0
1.0,0.32059640280550417,0.0
1.0,0.20612835834785848,0.0
1.0,0.990954234040426,0.0
1.0,0.06724726976633799,0.0
1.0,0.6583176051897254,0.0
1.0,0.7984294174340281,0.0
1.0,0.9716898950712898,0.0
1.0,0.7376178205174224,0.0
1.0,0.1338538132889755,0.0
1.0,0.1874964682971334,0.0
1.0,0.29333098664585766,0.0
1.0,0.24129923187662372,0.0
1.0,0.6061502255345267,0.0
1.0,0.4913120078440929,0.0
1.0,0.9045417555808197,0.0
1.0,0.6318706547363723,0.0
1.0,0.9053761351449671,0.0
1.0,0.7021666228729937,0.0
1.0,0.21858046407702103,0.0
1.0,0.7720063299961873,0.0
1.0,0.771822512753018,0.0
1.0,0.14360719942216982,0.0
1.0,0.9495480367515668,0.0
1.0,0.7509917370257806,0.0
1.0,0.7907945475402699,0.0
1.0,0.7426350612403372,0.0
1.0,0.4072642610398588,0.0
1.0,0.6739888356620725,0.0
1.0,0.29259942147920215,0.0
1.0,0.67519196071855,0.0
1.0,0.24456026028431166,0.0
1.0,0.07581634161437178,0.0
1.0,0.6092285791318942,0.0
1.0,0.8595672188029704,0.0
1.0,0.25236475062653496,0.0
1.0,0.02030509302285166,0.0
1.0,0.432916512944455,0.0
1.0,0.5838681970674301,0.0
1.0,0.013476288708983097,0.0
1.0,0.004550917788790354,0.0
1.0,0.22803553979965985,0.0
1.0,0.20473072027239847,0.0
1.0,0.47267354797925576,0.0
1.0,0.6796130824432254,0.0
1.0,0.7936805049552174,0.0
1.0,0.6885436449004849,0.0
1.0,0.500971208029755,0.0
1.0,0.4801827744744951,0.0
1.0,0.8449791750807747,0.0
1.0,0.04034048117392797,0.0
1.0,0.5984395261705273,0.0
1.0,0.6532176830546429,0.0
1.0,0.3444715465408015,0.0
1.0,0.760875837069213,0.0
1.0,0.996846164040942,0.0
1.0,0.238865072190528,0.0
1.0,0.903842227411563,0.0
1.0,0.9170361884726023,0.0
1.0,0.43302532059275467,0.0
1.0,0.8442633733986906,0.0
1.0,0.6354135140101383,0.0
1.0,0.17160181868830837,0.0
1.0,0.39471145223945714,0.0
1.0,0.10994099526619638,0.0
1.0,0.42653743593482374,0.0
1.0,0.8236187928253078,0.0
1.0,0.2148358378048456,0.0
1.0,0.51702234308001,0.0
1.0,0.04827347335392551,0.0
1.0,0.3384087112117239,0.0
1.0,0.4921496617323535,0.0
1.0,0.009125150550084005,0.0
1.0,0.1957909048898996,0.0
1.0,0.7440913616615894,0.0
1.0,0.6844065043760189,0.0
1.0,0.08883395534151661,0.0
1.0,0.4325707726809259,0.0
1.0,0.2743905703631899,0.0
1.0,0.9584894475272773,0.0
1.0,0.8542678338343065,0.0
1.0,0.36358063243319105,0.0
1.0,0.07773396510330854,0.0
1.0,0.5843861725763982,0.0
1.0,0.6141132514884465,0.0
1.0,0.3955633639730901,0.0
1.0,0.4021940620847012,0.0
1.0,0.0012817442092989406,0.0
1.0,0.9472665610204893,0.0
1.0,0.635743483320766,0.0
1.0,0.0023593333170542907,0.0
1.0,0.24894251864981654,0.0
1.0,0.6471272219387907,0.0
1.0,0.49894896782954834,0.0
1.0,0.8463566620207522,0.0
1.0,0.7517381080933238,0.0
1.0,0.47538561991611694,0.0
1.0,0.4784823709170045,0.0
1.0,0.6845140376525266,0.0
1.0,0.30786828219045925,0.0
1.0,0.6864799628236301,0.0
1.0,0.7509768473416276,0.0
1.0,0.06419304030028639,0.0
1.0,0.4425699839558914,0.0
1.0,0.638571724974234,0.0
1.0,0.9140706676256468,0.0
1.0,0.38278147658486694,0.0
1.0,0.4810183891960177,0.0
1.0,0.39298446643322515,0.0
1.0,0.3891720959412376,0.0
1.0,0.1184085539791131,0.0
1.0,0.9714219832831281,0.0
1.0,0.6446701841939289,0.0
1.0,0.058616249392742015,0.0
1.0,0.8124123118730672,0.0
1.0,0.19951958883114773,0.0
1.0,0.8043120538251656,0.0
1.0,0.9234953627768782,0.0
1.0,0.7072731912329135,0.0
1.0,0.004180982566964864,0.0
1.0,0.32854942717839286,0.0
1.0,0.9220678671928271,0.0
1.0,0.010267269322027484,0.0
1.0,0.5661917256831094,0.0
1.0,0.5152736537959544,0.0
1.0,0.3164453669552473,0.0
1.0,0.7583644419830327,0.0
1.0,0.5773015198264073,0.0
1.0,0.09342231549597568,0.0
1.0,0.8148691745806448,0.0
1.0,0.3541833640346109,0.0
1.0,0.20723737404709486,0.0
1.0,0.44859496686667366,0.0
1.0,0.10379792568743529,0.0
1.0,0.2566180479947673,0.0
1.0,0.5717041840384322,0.0
1.0,0.07400589720447837,0.0
1.0,0.36218597619940596,0.0
1.0,0.24539882010359426,0.0
1.0,0.6393141159861646,0.0
1.0,0.19860724780327477,0.0
1.0,0.4327338225670484,0.0
1.0,0.9990737561291531,0.0
1.0,0.6007533766390509,0.0
1.0,0.4492496618283284,0.0
1.0,0.9564204099489664,0.0
1.0,0.12723411384215655,0.0
1.0,0.456699321614797,0.0
1.0,0.9177684366693563,0.0
1.0,0.36523178843641624,0.0
1.0,0.9752185097300259,0.0
1.0,0.9397862905914871,0.0
1.0,0.3211049495199493,0.0
1.0,0.6532442687191443,0.0
1.0,0.340978221968948,0.0
1.0,0.4710900144607364,0.0
1.0,0.12615660154885378,0.0
1.0,0.9333433390464791,0.0
1.0,0.8038646298131472,0.0
1.0,0.29235918431536656,0.0
1.0,0.38007688647048365,0.0
1.0,0.7788053449369704,0.0
1.0,0.870075227070184,0.0
1.0,0.6114565362958222,0.0
1.0,0.3902206422621771,0.0
1.0,0.7077194557955547,0.0
1.0,0.24962326263979207,0.0
1.0,0.9432144328020438,0.0
1.0,0.9400624833328278,0.0
1.0,0.25608279844912807,0.0
1.0,0.9958064251547296,0.0
1.0,0.35545650916122395,0.0
1.0,0.5877862507115831,0.0
1.0,0.1723280129303626,0.0
1.0,0.9289878351669195,0.0
1.0,0.003741208794145967,0.0
1.0,0.8535306795217981,0.0
1.0,0.6855497709069643,0.0
1.0,0.8936094332824939,0.0
1.0,0.9130309031706708,0.0
1.0,0.9368125892880774,0.0
1.0,0.5078911990038623,0.0
1.0,0.3635596205590972,0.0
1.0,0.08844984261035127,0.0
1.0,0.47989893826308516,0.0
1.0,0.7416804469653752,0.0
1.0,0.08855127049109668,0.0
1.0,0.013547807630614028,0.0
1.0,0.8144661929349547,0.0
1.0,0.6919192509974166,0.0
1.0,0.42419310452017445,0.0
1.0,0.433949909831013,0.0
1.0,0.7897885735726421,0.0
1.0,0.5107581382009047,0.0
1.0,0.27431839408293857,0.0
1.0,0.5548235458235907,0.0
1.0,0.7536892914766183,0.0
1.0,0.4691793577724823,0.0
1.0,0.7057447090711123,0.0
1.0,0.10347288431019175,0.0
1.0,0.35058448584163626,0.0
1.0,0.2994427759271381,0.0
1.0,0.5499469763540661,0.0
1.0,0.7270621753025888,0.0
1.0,0.42572046594287904,0.0
1.0,0.07313369516924462,0.0
1.0,0.3591938154174046,0.0
1.0,0.9718088356680181,0.0
1.0,0.603866336161665,0.0
1.0,0.09123768908011765,0.0
1.0,0.16303610275271696,0.0
1.0,0.9781425208580417,0.0
1.0,0.17053069216666472,0.0
1.0,0.18993001215320904,0.0
1.0,0.20581491869965862,0.0
1.0,0.38170719382241247,0.0
1.0,0.5353127543938814,0.0
1.0,0.2555975402430033,0.0
1.0,0.8532049880776027,0.0
1.0,0.8953590759013037,0.0
1.0,0.30464808555498857,0.0
1.0,0.2991929871875365,0.0
1.0,0.49709763425149567,0.0
1.0,0.6914325421061531,0.0
1.0,0.746641958401224,0.0
1.0,0.0617946662445632,0.0
1.0,0.030637492997675042,0.0
1.0,0.3409110445093424,0.0
1.0,0.24750014694900258,0.0
1.0,0.09058467484182164,0.0
1.0,0.27158423972917367,0.0
1.0,0.7590525208873239,0.0
1.0,0.33081251846913073,0.0
1.0,0.12449402895277606,0.0
1.0,0.33358044982741586,0.0
1.0,0.16022299448215993,0.0
1.0,0.01668986403325834,0.0
1.0,0.3469344644858403,0.0
1.0,0.5690321769285197,0.0
1.0,0.5189784188500438,0.0
1.0,0.9676104270927932,0.0
1.0,0.973777222022364,0.0
1.0,0.2502448919920248,0.0
1.0,0.3757780363854545,0.0
1.0,0.5216825084859754,0.0
1.0,0.9285242513676581,0.0
1.0,0.7911339052966674,0.0
1.0,0.9019221400980917,0.0
1.0,0.9299535375935326,0.0
1.0,0.5796163988892514,0.0
1.0,0.9037280695587672,0.0
1.0,0.8767737955303005,0.0
1.0,0.6768023018310318,0.0
1.0,0.3541745520809192,0.0
1.0,0.2610385591047003,0.0
1.0,0.6588183602405409,0.0
1.0,0.9982119793478605,0.0
1.0,0.3460579401108138,0.0
1.0,0.6028920837922777,0.0
1.0,0.7327156244267943,0.0
1.0,0.08041168802210219,0.0
1.0,0.2285916183942942,0.0
1.0,0.8942554503437777,0.0
1.0,0.24251448932534114,0.0
1.0,0.03851501606459662,0.0
1.0,0.14751985159002734,0.0
1.0,0.20736439069833645,0.0
1.0,0.8649802854435813,0.0
1.0,0.024854791236954554,0.0
1.0,0.4135237156195535,0.0
1.0,0.0026619570857832064,0.0
1.0,0.6837293782889424,0.0
1.0,0.4994503798739429,0.0
1.0,0.19791426673157841,0.0
1.0,0.9823081390634594,0.0
1.0,0.7346683162560865,0.0
1.0,0.19893452105700915,0.0
1.0,0.6711527228961238,0.0
1.0,0.4423634127773999,0.0
1.0,0.12299753988626982,0.0
1.0,0.49711538807917244,0.0
1.0,0.5921846346438006,0.0
1.0,0.31022653333461203,0.0
1.0,0.15278275037325006,0.0
1.0,0.853523449567123,0.0
1.0,0.7105256837229289,0.0
1.0,0.4681465810748142,0.0
1.0,0.3199198181171854,0.0
1.0,0.9284070067990016,0.0
1.0,0.5292095802956789,0.0
1.0,0.09230545031191606,0.0
1.0,0.020541474794606218,0.0
1.0,0.8857893847756799,0.0
1.0,0.06328052709021803,0.0
1.0,0.7878839523509199,0.0
1.0,0.8184285414181075,0.0
1.0,0.1171756361517895,0.0
1.0,0.9220443652095618,0.0
1.0,0.7610486574797962,0.0
1.0,0.2185672176008281,0.0
1.0,0.15079806007070518,0.0
1.0,0.038095232230312304,0.0
1.0,0.6087568724847462,0.0
1.0,0.6139356784078294,0.0
1.0,0.4045482606045716,0.0
1.0,0.866784512837786,0.0
1.0,0.6733143004878626,0.0
1.0,0.061132132656342986,0.0
1.0,0.9604937832436007,0.0
1.0,0.7859049061328655,0.0
1.0,0.444857048658185,0.0
1.0,0.7663814172412496,0.0
1.0,0.1297565660536263,0.0
1.0,0.444241630635429,0.0
1.0,0.9837839397294831,0.0
1.0,0.9898194872559678,0.0
1.0,0.14761644259064244,0.0
1.0,0.35487529244183336,0.0
1.0,0.6314494306041185,0.0
1.0,0.5825185753660324,0.0
1.0,0.4712574438548779,0.0
1.0,0.17498833978964579,0.0
1.0,0.9195282854493573,0.0
1.0,0.07699610134894996,0.0
1.0,0.16625731042955505,0.0
1.0,0.4914799864745184,0.0
1.0,0.6556489672059612,0.0
1.0,0.44773829230707496,0.0
1.0,0.37888850545713315,0.0
1.0,0.26501571218323516,0.0
1.0,0.9047100291263097,0.0
1.0,0.2228044703755232,0.0
1.0,0.3557441324785152,0.0
1.0,0.41356444300027184,0.0
1.0,0.04834197046671018,0.0
1.0,0.7717265248779204,0.0
1.0,0.3458422403353649,0.0
1.0,0.6736880584337734,0.0
1.0,0.13007118186147992,0.0
1.0,0.6549338105466109,0.0
1.0,0.8324206129776311,0.0
1.0,0.15681465601316713,0.0
1.0,0.42554332351264446,0.0
1.0,0.3971911737871241,0.0
1.0,0.37532466821758503,0.0
1.0,0.8074677788652908,0.0
1.0,0.8072543636396817,0.0
1.0,0.1109401541321633,0.0
1.0,0.9905650113028911,0.0
1.0,0.22319530490695405,0.0
1.0,0.14378684415385168,0.0
1.0,0.16031635625457208,0.0
1.0,0.30186658416962675,0.0
1.0,0.6294725715112912,0.0
1.0,0.4048800637715426,0.0
1.0,0.44900815724377896,0.0
1.0,0.9476200729956058,0.0
1.0,0.7295281518744704,0.0
1.0,0.3433097289965815,0.0
1.0,0.05483568178278153,0.0
1.0,0.6614629521470862,0.0
1.0,0.11388927624246747,0.0
1.0,0.15993372846939313,0.0
1.0,0.8620415993835334,0.0
1.0,0.2511006642828175,0.0
1.0,0.03300158041116552,0.0
1.0,0.6469129336199478,0.0
1.0,0.7628958428075632,0.0
1.0,0.13397481838843217,0.0
1.0,0.11536915884635401,0.0
1.0,0.4877939609631534,0.0
1.0,0.4708151655373817,0.0
1.0,0.31218327703467796,0.0
1.0,0.06971742821039983,0.0
1.0,0.9524659097432899,0.0
1.0,0.41054027737353416,0.0
1.0,0.9170051790572239,0.0
1.0,0.1958964257500282,0.0
1.0,0.8138399223921297,0.0
1.0,0.12184292254518914,0.0
1.0,0.8856020339507014,0.0
1.0,0.8600973860986157,0.0
1.0,0.9165513184345099,0.0
1.0,0.05790069196703751,0.0
1.0,0.577894654313768,0.0
1.0,0.6014879517375012,0.0
1.0,0.9670223387501061,0.0
1.0,0.746084968427012,0.0
1.0,0.563948002005359,0.0
1.0,0.30963172372567005,0.0
1.0,0.3636994616417729,0.0
1.0,0.0939931789518299,0.0
1.0,0.026148423710583568,0.0
1.0,0.06625325303043728,0.0
1.0,0.11343833201710596,0.0
1.0,0.9040646035273227,0.0
1.0,0.15662356197501248,0.0
1.0,0.9793086616398063,0.0
1.0,0.7146260450410876,0.0
1.0,0.49734910693464773,0.0
1.0,0.8497217836134074,0.0
1.0,0.9147723543667378,0.0
1.0,0.7633935015464596,0.0
1.0,0.3393449257824456,0.0
1.0,0.3928106980621361,0.0
1.0,0.3272773847873325,0.0
1.0,0.4410914115964286,0.0
1.0,0.4666856560612769,0.0
1.0,0.7766238600647364,0.0
1.0,0.722818637854413,0.0
1.0,0.965393099094673,0.0
1.0,0.8019715233128997,0.0
1.0,0.735671921936378,0.0
1.0,0.9792532414831971,0.0
1.0,0.10458498254428494,0.0
1.0,0.3866071930579462,0.0
1.0,0.43904548629291296,0.0
1.0,0.3894799268292617,0.0
1.0,0.489800214237909,0.0
1.0,0.37437595126996626,0.0
1.0,0.141101531550479,0.0
1.0,0.978634866909825,0.0
1.0,0.4674351068725098,0.0
1.0,0.887371356432024,0.0
1.0,0.7535450938482733,0.0
1.0,0.9006726381565991,0.0
1.0,0.09876162475639427,0.0
1.0,0.7696808571686383,0.0
1.0,0.6905449584038568,0.0
1.0,0.3655886898776788,0.0
1.0,0.34289921483588437,0.0
1.0,0.358782775219319,0.0
1.0,0.7799117343902566,0.0
1.0,0.8272396305001257,0.0
1.0,0.3758090528701613,0.0
1.0,0.4721953988411113,0.0
1.0,0.6121059955350708,0.0
1.0,0.9995924726511949,0.0
1.0,0.24299458405114605,0.0
1.0,0.28964768579141287,0.0
1.0,0.17981081654651132,0.0
1.0,0.33507588076791095,0.0
1.0,0.7001292579774763,0.0
1.0,0.5214120854774824,0.0
1.0,0.4492906564354412,0.0
1.0,0.5958022414912305,0.0
1.0,0.7155443481210303,0.0
1.0,0.3056036986185058,0.0
1.0,0.03654875651517531,0.0
1.0,0.7712009948184184,0.0
1.0,0.9967221688964784,0.0
1.0,0.6105723701490873,0.0
1.0,0.6783726520919684,0.0
1.0,0.821485125600191,0.0
1.0,0.2783847174794273,0.0
1.0,0.2837134069741897,0.0
1.0,0.2385928816170627,0.0
1.0,0.4024344435252113,0.0
1.0,0.5516367578127119,0.0
1.0,0.6448705759353461,0.0
1.0,0.04491015490518602,0.0
1.0,0.6630091002477708,0.0
1.0,0.229573470901293,0.0
1.0,0.6514648990368477,0.0
1.0,0.6719172816937474,0.0
1.0,0.7552622523174677,0.0
1.0,0.8668532160476718,0.0
1.0,0.5421779406839281,0.0
1.0,0.03196316739644689,0.0
1.0,0.6626230815965916,0.0
1.0,0.47655989226177786,0.0
1.0,0.7610234988233522,0.0
1.0,0.9430515695119882,0.0
1.0,0.7781349898494219,0.0
1.0,0.3802783811604975,0.0
1.0,0.22583981538667708,0.0
1.0,0.5436852267727141,0.0
1.0,0.8291964906120146,0.0
1.0,0.7660339629484706,0.0
1.0,0.3900554077691094,0.0
1.0,0.638496785180967,0.0
1.0,0.14622000359091258,0.0
1.0,0.6193572295431318,0.0
1.0,0.2959399058781722,0.0
1.0,0.7043436397420811,0.0
1.0,0.2506264582752904,0.0
1.0,0.6306099598998778,0.0
1.0,0.04165891775331387,0.0
1.0,0.32845376187624475,0.0
1.0,0.7553511639562849,0.0
1.0,0.05814871238127739,0.0
1.0,0.25826308328935765,0.0
1.0,0.3289711530250592,0.0
1.0,0.5236030509964446,0.0
1.0,0.6139643706906395,0.0
1.0,0.7723775274600471,0.0
1.0,0.3338426364944117,0.0
1.0,0.411429047399517,0.0
1.0,0.44411694413703684,0.0
1.0,0.19946631126846603,0.0
1.0,0.3759372472821453,0.0
1.0,0.5762195777327823,0.0
1.0,0.24170340431502801,0.0
1.0,0.7356183084718811,0.0
1.0,0.9650830819996258,0.0
1.0,0.738919941486285,0.0
1.0,0.08080978117356297,0.0
1.0,0.5040079339750603,0.0
1.0,0.6564919854688142,0.0
1.0,0.8714138232580169,0.0
1.0,0.03248785882529981,0.0
1.0,0.019027587127986467,0.0
1.0,0.43175400726672386,0.0
1.0,0.5159371078530183,0.0
1.0,0.3710913378450017,0.0
1.0,0.3571013974091386,0.0
1.0,0.9973413056138158,0.0
1.0,0.5882733815686637,0.0
1.0,0.8028271030740948,0.0
1.0,0.9407377319588902,0.0
1.0,0.15380293911338094,0.0
1.0,0.6213389547715731,0.0
1.0,0.8401411883363097,0.0
1.0,0.8776256493139049,0.0
1.0,0.9155610900382647,0.0
1.0,0.4903060458110462,0.0
1.0,0.1907806658592458,0.0
1.0,0.9880136755002392,0.0
1.0,0.2929187337848064,0.0
1.0,0.17305151814179076,0.0
1.0,0.6669390813195444,0.0
1.0,0.45405159651754035,0.0
1.0,0.7433222711915536,0.0
1.0,0.6778756094490441,0.0
1.0,0.4585476886323634,0.0
1.0,0.7723446437861141,0.0
1.0,0.03729964351095816,0.0
1.0,0.9937214384030281,0.0
1.0,0.4325725676387445,0.0
1.0,0.5536493414362632,0.0
1.0,0.8731743572829884,0.0
1.0,0.10317894750153644,0.0
1.0,0.09619768033931886,0.0
1.0,0.02141422996918063,0.0
1.0,0.058648405202081255,0.0
1.0,0.09989884845430552,0.0
1.0,0.4694213839166491,0.0
1.0,0.05004551193051743,0.0
1.0,0.5003491323222329,0.0
1.0,0.6760073853515066,0.0
1.0,0.2827246566275048,0.0
1.0,0.9687473105660056,0.0
1.0,0.7486418530228569,0.0
1.0,0.9920993046678258,0.0
1.0,0.5743646281166924,0.0
1.0,0.8441770788293449,0.0
1.0,0.9328090697784213,0.0
1.0,0.8885483959266535,0.0
1.0,0.7963397780039105,0.0
1.0,0.292947029305609,0.0
1.0,0.041126454315277505,0.0
1.0,0.304084997199217,0.0
1.0,0.938811933943054,0.0
1.0,0.9027090851931169,0.0
1.0,0.19658679369686116,0.0
1.0,0.5371252437607176,0.0
1.0,0.6965675789966083,0.0
1.0,0.2571361130005386,0.0
1.0,0.34031646833578555,0.0
1.0,0.17637374704430853,0.0
1.0,0.641563749228761,0.0
1.0,0.8812489566292241,0.0
1.0,0.9716451982203868,0.0
1.0,0.9251531379284543,0.0
1.0,0.7549865551816913,0.0
1.0,0.04108316218542063,0.0
1.0,0.09494517608390585,0.0
1.0,0.13784699822804425,0.0
1.0,0.021893039839454564,0.0
1.0,0.6056083356761518,0.0
1.0,0.11378118201996479,0.0
1.0,0.4868345695113806,0.0
1.0,0.06535268936339,0.0
1.0,0.09658499756897099,0.0
1.0,0.6278263031230025,0.0
1.0,0.20431213672885362,0.0
1.0,0.057770052006800965,0.0
1.0,0.011239889937856185,0.0
1.0,0.2883502774824557,0.0
1.0,0.5042195330384623,0.0
1.0,0.8728085229214698,0.0
1.0,0.0013503409762775087,0.0
1.0,0.505708211577727,0.0
1.0,0.22374979110795812,0.0
1.0,0.7394880597753533,0.0
1.0,0.5168202240764712,0.0
1.0,0.5406202728661719,0.0
1.0,0.7459743155730273,0.0
1.0,0.540151269036224,0.0
1.0,0.9477757415082605,0.0
1.0,0.8885426477132629,0.0
1.0,0.30304964058365047,0.0
1.0,0.9574548503532939,0.0
1.0,0.1053596413844129,0.0
1.0,0.15662462162555613,0.0
1.0,0.3552105609143974,0.0
1.0,0.3213876290531765,0.0
1.0,0.6229915525528981,0.0
1.0,0.8385670460481963,0.0
1.0,0.4325160778617806,0.0
1.0,0.5519952982142181,0.0
1.0,0.6946144675030083,0.0
1.0,0.4675917278134598,0.0
1.0,0.1428342870720407,0.0
1.0,0.6216374240007889,0.0
1.0,0.35355007185666343,0.0
1.0,0.8257253149349486,0.0
1.0,0.8250829194500346,0.0
1.0,0.3354995236573539,0.0
1.0,0.06557995792895432,0.0
1.0,0.6768224512591374,0.0
1.0,0.28248888712070763,0.0
1.0,0.5781972893246896,0.0
1.0,0.9282420361791441,0.0
1.0,0.4989541070258746,0.0
1.0,0.9807452228258514,0.0
1.0,0.9160910754295412,0.0
1.0,0.6379740379616857,0.0
1.0,0.07050110507211405,0.0
1.0,0.20950724406144683,0.0
1.0,0.9429946698315896,0.0
1.0,0.21222002894438208,0.0
1.0,0.6467298290924407,0.0
1.0,0.8681805043709693,0.0
1.0,0.7956077366365071,0.0
1.0,0.022148785398855453,0.0
1.0,0.30102098487363593,0.0
1.0,0.05041542712788716,0.0
1.0,0.7726454954992172,0.0
1.0,0.587213648894166,0.0
1.0,0.87124487132157,0.0
1.0,0.4494182003000762,0.0
1.0,0.23191510222716538,0.0
1.0,0.5757926208842206,0.0
1.0,0.7704926501668689,0.0
1.0,0.07241455319451207,0.0
1.0,0.2964534939312645,0.0
1.0,0.25034047921820046,0.0
1.0,0.6768783812942103,0.0
1.0,0.3143892615599506,0.0
1.0,0.5853477218685416,0.0
1.0,0.3702697916111892,0.0
1.0,0.4132073053541533,0.0
1.0,0.17457522222627375,0.0
1.0,0.6798587044748314,0.0
1.0,0.9449798660317049,0.0
1.0,0.11656910574113888,0.0
1.0,0.5325505117583802,0.0
1.0,0.31258461443917873,0.0
1.0,0.33798733011793913,0.0
1.0,0.6498950258391889,0.0
1.0,0.8432383950891844,0.0
1.0,0.7142556390204116,0.0
1.0,0.007500287246717141,0.0
-0.9794813461257734,0.0,0.06441661941107892
-0.3547381095785156,0.0,0.8976653105714615
-0.6380048108106247,0.0,0.9074780754267344
-0.45399288338267385,0.0,0.9895728986324259
-0.8620173938771278,0.0,0.4200361387732354
0.026525064489728578,0.0,-0.08323453888219524
-0.07652214756139819,0.0,0.23809251846818721
0.8102504929392778,0.0,-0.5614323354814356
0.37949691882703096,0.0,-0.9291935128205002
-0.08777666057998634,0.0,0.27227686986506794
0.2647012676579137,0.0,-0.7389991502457959
-0.045559215526328245,0.0,0.14264031427907428
-0.3810471477774162,0.0,0.9309824762651596
0.5793461986347646,0.0,-0.9690919210784288
0.06621964017387216,0.0,-0.20653780006107175
-0.5325431287904892,0.0,0.994778322570783
-0.9554601253100363,0.0,0.13946997999752547
-0.021420385205207726,0.0,0.06724334606459981
0.3287952959812732,0.0,-0.8588093034339486
-0.07019000025190913,0.0,0.2187257305294272
0.17153451637814388,0.0,-0.5131849715467978
-0.9658545573413733,0.0,0.10706546062641437
-0.6788041930584188,0.0,0.8463349237836242
-0.2597915243374662,0.0,0.72852012998478
0.5582083801322024,0.0,-0.9833263687344472
0.685336250727574,0.0,-0.8352269278466588
0.3043427981854978,0.0,-0.8169607838862838
-0.9980978120350457,0.0,0.00597586416857565
-0.10068340978351298,0.0,0.3110581943188253
0.8837479146205021,0.0,-0.3571517082780838
0.013858365746253876,0.0,-0.043523587151524476
0.20041840791574717,0.0,-0.5888481705226554
0.6379219938703435,0.0,-0.90758734496222
0.7383055637956686,0.0,-0.7326022824800186
-0.8368197127597661,0.0,0.4904848098987061
0.8407023687644013,0.0,-0.47981888262305983
0.5670612899696705,0.0,-0.977889091490139
0.4061540237790795,0.0,-0.9568527661236381
-0.33141262952629136,0.0,0.8629926216682201
-0.5092996972458728,0.0,0.9995732471026734
-0.35125931874386374,0.0,0.8927956538869286
-0.9256540554924959,0.0,0.23144687013897725
-0.9080617073697825,0.0,0.28483343863774346
-0.8656218966163125,0.0,0.40973292397647154
-0.5625447983823764,0.0,0.9807578140157738
0.8150835000066994,0.0,-0.5488035476097677
-0.7964262203954267,0.0,0.5968311404712026
0.6018768407035775,0.0,-0.949217947376995
0.20827907617251373,0.0,-0.6086261899965231
-0.31723810530702345,0.0,0.8396469669069953
-0.4880340552772078,0.0,0.9992934993115055
0.3564280559354973,0.0,-0.8999922615317386
-0.5170873359028012,0.0,0.9985594969941579
0.657077160899368,0.0,-0.8806933152499632
-0.042680360066439604,0.0,0.13368289194444372
0.27754106744685414,0.0,-0.7655662239890887
0.41268673885722773,0.0,-0.9626143133764314
-0.3831408725570533,0.0,0.9333635746427825
0.2731282624903557,0.0,-0.756573932977063
0.7284409646767069,0.0,-0.7533410684121011
0.7223837805752329,0.0,-0.7657180972684212
0.03683168991414987,0.0,-0.11545213504989185
-0.9839819399106307,0.0,0.0503009838810997
0.5983003636638939,0.0,-0.9526929670581705
-0.013268421404761144,0.0,0.04167190490043963
-0.15546431282979456,0.0,0.4692184488021075
-0.5097192812688147,0.0,0.9995338729478523
-0.4323139754547791,0.0,0.9774767683224531
0.4358894370598687,0.0,-0.9797856252693846
0.02851141223554765,0.0,-0.08945151946561845
0.4100842080610134,0.0,-0.9603674584517805
0.2989810533370769,0.0,-0.8071312841429469
0.5886360136109283,0.0,-0.961480367471237
-0.08746741985235884,0.0,0.271341937730851
-0.5217567803724585,0.0,0.9976649836890873
-0.494608418451971,0.0,0.9998565529164125
-0.3949268921697582,0.0,0.9460109381346239
0.058563785688847236,0.0,-0.18294734186057166
0.1519394575580113,0.0,-0.4594109290315294
0.9889801699596208,0.0,-0.03461290202149279
0.0937339663227239,0.0,-0.2902364745740009
0.2828430891797249,0.0,-0.7761757939403716
0.8207803014427657,0.0,-0.5337554106527607
0.9323542623603476,0.0,-0.21091933021330236
-0.7137126164704204,0.0,0.7829527705837455
-0.6383509198513944,0.0,0.9070207508148399
0.6103296230845805,0.0,-0.9405294873812259
0.7829516044354117,0.0,-0.6302519202513704
-0.2616380756460863,0.0,0.732481752571668
0.5269568316850177,0.0,-0.9964161661552745
0.08453454400240878,0.0,-0.26246232194824387
0.5961151257525819,0.0,-0.954757048825469
0.7916969818047832,0.0,-0.608685869009218
0.7031233205048901,0.0,-0.8032106745514495
-0.5116978650241482,0.0,0.9993247974360364
0.28698288361213353,0.0,-0.7843101341434009
0.46890437967340115,0.0,-0.9952321477468269
-0.9060172654575465,0.0,0.2909842733486899
0.7558665971099576,0.0,-0.6939551246262665
-0.15634913948901152,0.0,0.4716713935303049
-0.7252326940672371,0.0,0.7599309964713254
0.6716987560600256,0.0,-0.8580131303442226
-0.8269914766587818,0.0,0.5171539084403336
0.48427682680534145,0.0,-0.9987802752398992
-0.03234754992966726,0.0,0.10144800233346941
-0.024582317447695123,0.0,0.07715088515749036
-0.25606648731754955,0.0,0.7204538967489262
0.9734200461726559,0.0,-0.08340637921451398
-0.07706080740258137,0.0,0.2397357616602916
-0.008191610210285027,0.0,0.025731861977134975
-0.3308808521522353,0.0,0.8621473889415796
-0.7444083460148283,0.0,0.7194185745298143
0.2361543868245084,0.0,-0.6756904376637338
0.05738937761208418,0.0,-0.17931886206680428
-0.5643946918378062,0.0,0.979606666599875
-0.19621625901357942,0.0,0.5781271891137207
-0.7453249550315932,0.0,0.717415482766394
0.03847052732760492,0.0,-0.12056471366615909
0.09834859907808857,0.0,-0.30407874903114257
-0.9113692013154002,0.0,0.2748578605784101
0.753793518730574,0.0,-0.6986296857776866
0.40332563352325,0.0,-0.9542330945399736
-0.4330106129911242,0.0,0.9779363055638755
0.06608680082058194,0.0,-0.20612945309911962
-0.8334852150217686,0.0,0.4995867187326716
0.41225979843049676,0.0,-0.9622501292736337
0.2903164738930175,0.0,-0.7907639935831694
-0.4859803123098221,0.0,0.9990302133082015
0.8055171997103703,0.0,-0.5736751387313309
-0.7329579552415764,0.0,0.7439334042680564
0.6550089020649388,0.0,-0.8837525433082157
-0.32566300701960427,0.0,0.8537266251995772
-0.7488105570934616,0.0,0.7097441160815432
-0.8250693018916351,0.0,0.5223129169551438
-0.8332230567268251,0.0,0.5002999994462687
0.09038736948031745,0.0,-0.2801595353919516
-0.2016017985576819,0.0,0.591848927047737
-0.2633956522227203,0.0,0.7362295921714084
-0.889099771704718,0.0,0.3413975145225136
-0.2569354840123359,0.0,0.7223444956618839
0.6623841003147828,0.0,-0.8726738609175513
-0.24638053643436697,0.0,0.6990208151217034
-0.477943970320829,0.0,0.9976003347928911
0.48612315436338793,0.0,-0.9990498712060055
-0.4458757353037379,0.0,0.9855786093135223
0.7109709966423876,0.0,-0.7882816807152757
-0.8387771399910473,0.0,0.48511664268139615
0.21498916015260017,0.0,-0.6252160788956391
0.2576909543708146,0.0,-0.7239837312688084
-0.9300624545880436,0.0,0.21795175562072455
-0.6532963424634246,0.0,0.8862574129929038
-0.3919697407048601,0.0,0.9429588930142926
0.34389726779398044,0.0,-0.8821392642080481
0.34619330635977064,0.0,-0.885513629601687
-0.3656523716142186,0.0,0.9122447547835436
-0.7928211911426251,0.0,0.6058799023023165
0.12276042730554293,0.0,-0.37617375925029395
0.6260362846211571,0.0,-0.9226287805782043
0.8192552696357118,0.0,-0.5378007495588379
-0.2798591515910711,0.0,0.7702311146786591
-0.31496182020988517,0.0,0.8357415026230535
-0.6232390411198123,0.0,0.9259824711021861
-0.13565426734535668,0.0,0.41338682410018396
0.5651025083989931,0.0,-0.9791574542993128
0.7862992633802588,0.0,-0.622051929963094
0.6374549413144088,0.0,-0.9082024285388716
0.6144318472938259,0.0,-0.9360734591799389
0.04690607750204445,0.0,-0.14682704987979092
0.8489815124640949,0.0,-0.4568391004038091
0.4389017815531442,0.0,-0.9816349110744782
0.5928244392995454,0.0,-0.9577803599461917
-0.35970144482118305,0.0,0.9044272996239955
0.2236766918827735,0.0,-0.6462812132417267
-0.921982867217296,0.0,0.24265144675547948
-0.8669548405899601,0.0,0.4059094208905009
0.32133874389441375,0.0,-0.8465740252532676
0.4760091715736616,0.0,-0.9971610702641828
0.02411170804613283,0.0,-0.07567674500032687
0.19501269896890205,0.0,-0.5750378916583547
0.05701287699188473,0.0,-0.17815509750274655
-0.026149468903381212,0.0,0.08205860738300853
0.87688489474005,0.0,-0.37720593627838045
0.5621268860879387,0.0,-0.9810132859561401
0.2874759562690212,0.0,-0.7852701650021796
0.5606439123779365,0.0,-0.9819061855371177
0.21668438800973022,0.0,-0.6293636563090672
0.7004912890878761,0.0,-0.8081088256213992
0.1767539372505036,0.0,-0.5271887895996191
-0.7309990410365486,0.0,0.7480317983057313
0.29166507806136277,0.0,-0.7933503021047952
0.6277884391912223,0.0,-0.9204917658587504
-0.11890182202554911,0.0,0.36491461343673387
-0.08259635726642744,0.0,0.2565819660066396
0.0608586210130897,0.0,-0.19003028809727987
-0.20893584999810022,0.0,0.610262045871683
-0.27433463305561956,0.0,0.7590467563421506
0.8073558147648041,0.0,-0.568934424916763
-0.2772879234383878,0.0,0.7650543359002326
-0.9131800237794263,0.0,0.26938368333431156
0.9163232336203757,0.0,-0.25986105745515914
0.3514767934442349,0.0,-0.893103208681143
-0.7904917437208536,0.0,0.6116856451041802
-0.9016603104032932,0.0,0.3040520843622358
0.1568554151452357,0.0,-0.47307326900327096
0.3023531002676334,0.0,-0.8133400411956344
-0.28914991254573463,0.0,0.7885153494828624
-0.7753044732697196,0.0,0.6487203994653049
-0.8738945585372206,0.0,0.3858896102678472
0.5248892190730807,0.0,-0.9969445793623549
0.2569574909957657,0.0,-0.7223923044638806
-0.4383293017431935,0.0,0.981290225504629
0.6663140228278046,0.0,-0.8665788038549959
-0.9254599448535419,0.0,0.23204008560825798
0.8460862666010309,0.0,-0.464911150459012
-0.46936530761267115,0.0,0.9953723388469919
0.14652748045137742,0.0,-0.44424347204069986
0.7185526101388968,0.0,-0.7734037037437004
0.22505095920176377,0.0,-0.6495697757202884
-0.005522864959955687,0.0,0.01734972145223616
0.6583463580194018,0.0,-0.8787975874209758
0.812381508121929,0.0,-0.5558797117543273
-0.44629790230223754,0.0,0.985802172611519
0.0005479766768579086,0.0,-0.001721518652031179
-0.09992343297020434,0.0,0.30878821600280854
0.23401749516101167,0.0,-0.6707263436314308
0.39568570489551225,0.0,-0.9467809477578985
-0.9987069826553756,0.0,0.004062122619347127
-0.5355413011171464,0.0,0.9937729099256264
0.8629366918474906,0.0,-0.4174134551475516
-0.5391384852590801,0.0,0.9924502850894136
0.6029751182982541,0.0,-0.9481267556577679
-0.8354010998420229,0.0,0.4943637194717012
0.9409064848414841,0.0,-0.18458319489329328
0.19900865588082084,0.0,-0.585262803717714
-0.11591632209600777,0.0,0.35616624824399573
0.9754569379789961,0.0,-0.07702792758866563
0.6936702622199082,0.0,-0.8205446527393554
-0.2016105226776912,0.0,0.5918710187168398
-0.9599790588909267,0.0,0.12539850296599586
-0.6277249299375147,0.0,0.9205697124428396
-0.43787763073048436,0.0,0.9810160378743193
0.0962124453401596,0.0,-0.29767880793430584
-0.5998193118621582,0.0,0.951231776100216
-0.08223359260070562,0.0,0.25548029376535036
0.08779821428874501,0.0,-0.27234202394663237
-0.41672954058629674,0.0,0.9659769304817583
-0.19507379679739656,0.0,0.5751949159906797
0.9410879632647757,0.0,-0.18402283027000152
0.27888598491828587,0.0,-0.7682776837814163
-0.783485531007361,0.0,0.6289487321511446
-0.659249478242776,0.0,0.8774401381502698
0.399583979996752,0.0,-0.9506518296172853
0.2877148355521144,0.0,-0.7857345944575667
-0.44471233231109,0.0,0.9849535455950821
-0.09117430216708433,0.0,0.2825318948228018
-0.8578994492579735,0.0,0.43174099877006533
-0.09264811341090007,0.0,0.2869703245136688
0.2875608281749391,0.0,-0.7854352237524248
0.5187685847381402,0.0,-0.9982621712715148
-0.46799635847829935,0.0,0.9949498687603273
-0.14252430498420132,0.0,0.4329414120897369
0.518958285446574,0.0,-0.9982268744787858
0.516695672683471,0.0,-0.9986247614896931
-0.9407112829824626,0.0,0.18518586742370768
0.09025321081655568,0.0,-0.27975491714041145
-0.8812404286723905,0.0,0.3644985006141353
0.7997191399341601,0.0,-0.5884988578551806
0.6639459514560511,0.0,-0.8702674064925027
-0.4766570331130635,0.0,0.9973122602355577
0.9783406519200699,0.0,-0.06799235187204984
-0.8775518752844129,0.0,0.37526451548276285
-0.6623394389292596,0.0,0.8727423651601691
-0.8614428411948898,0.0,0.4216735139659282
-0.8782513983446063,0.0,0.37322660116799894
0.3356993192243536,0.0,-0.8697179281214977
-0.8465176213492045,0.0,0.4637109399916275
0.7805035430084875,0.0,-0.6362042969675621
0.9730172247388755,0.0,-0.08466740345859927
-0.8269364241682948,0.0,0.517301929438425
-0.9194630904975811,0.0,0.2503232911785331
0.9442481585252607,0.0,-0.17425542670941735
0.15278215864992428,0.0,-0.46176082104666977
-0.7253108798524122,0.0,0.759771314498881
0.9646783314121512,0.0,-0.11073870379485709
0.4244907022484625,0.0,-0.9719951619140755
-0.9773311909511802,0.0,0.07115598090196486
-0.1572265192949347,0.0,0.4741000951418407
-0.6619532036369549,0.0,0.8733340785035633
-0.4926449364220422,0.0,0.9997330540791185
0.4371046279363673,0.0,-0.9805422025912093
-0.7829557531169855,0.0,0.6302418011348588
-0.05838260934851558,0.0,0.18238773624839394
-0.42063290032133205,0.0,0.969075720039781
-0.2742367203621052,0.0,0.7588464605556033
0.7364624209094819,0.0,-0.7365312577396145
0.06541232537906394,0.0,-0.20405556934334051
0.5497414111445755,0.0,-0.9878150990259176
-0.17107991933915168,0.0,0.5119586913500904
0.39800645630384013,0.0,-0.9491025336908054
-0.519005036828567,0.0,0.9982181211954134
-0.6146208311588643,0.0,0.9358644241886145
-0.15228239876029992,0.0,0.46036761820852773
-0.972445913872618,0.0,0.0864556474070661
-0.2700254043941195,0.0,0.7501638467119676
-0.3301851715342954,0.0,0.8610380078043266
0.7916494769711389,0.0,-0.6088042715982713
-0.4843098890721027,0.0,0.9987853984181349
-0.893526595442073,0.0,0.32829320726985367
0.06886709666920199,0.0,-0.2146684614555493
-0.03227403266575468,0.0,0.10121822989911314
0.7708955408428924,0.0,-0.6591988699637082
0.6971271585062302,0.0,-0.8142889098395523
0.8966139845198722,0.0,-0.3191161661407476
-0.7045019829557038,0.0,0.8006230768256063
-0.8068090411731639,0.0,0.5703462247693047
0.33970926438143034,0.0,-0.8758662938332159
-0.8132345368188816,0.0,0.5536500433491254
-0.5787534322553067,0.0,0.969549652563719
-0.3066065156324509,0.0,0.8210413467030369
0.529463361538693,0.0,-0.9957192068602477
-0.6534128289239156,0.0,0.8860878467634502
-0.268669893386869,0.0,0.7473411358653034
0.2693907055788942,0.0,-0.7488438428722047
-0.9954703400527842,0.0,0.014229866137560871
-0.5259544054292737,0.0,0.9966776048133961
0.40916264609912134,0.0,-0.959556442879085
-0.7601696287641433,0.0,0.6841585380989751
0.6298267244907341,0.0,-0.9179706815441508
0.8963657661000128,0.0,-0.3198550987742914
0.10462972011458271,0.0,-0.3228166479244904
-0.1117357486617423,0.0,0.34386349575740904
-0.3161459203289896,0.0,0.837778431346552
-0.2657935147500241,0.0,0.7413065479729053
0.03609452135906399,0.0,-0.11315143039461537
-0.42342405020997664,0.0,0.9712022214253992
0.37753470581502113,0.0,-0.9268975222662951
-0.15491282510104165,0.0,0.46768776157021474
0.7137271933482878,0.0,-0.7829242817975457
0.18615019779946063,0.0,-0.5520393777039779
0.7937670159708654,0.0,-0.6035133185224346
0.4797244620224008,0.0,-0.9979720012811367
-0.4574586421912046,0.0,0.9910824426262441
0.8504003593637557,0.0,-0.4528694631902208
-0.646069903751493,0.0,0.8965437814223279
0.1811025837812319,0.0,-0.5387482160218999
-0.25348845741023474,0.0,0.714813566372504
0.8813975470929947,0.0,-0.36403881201388777
-0.5930443536133256,0.0,0.9575815023974573
-0.8812473480039804,0.0,0.3644782582755458
0.39975620980107873,0.0,-0.9508195645090634
-0.9773386087957279,0.0,0.07113273610728414
0.900163908013595,0.0,-0.3085272237927839
0.08356822704474842,0.0,-0.2595317702173067
0.058710853776362315,0.0,-0.1834015525616028
-0.08021239188278706,0.0,0.24933611768720854
0.24387196437278114,0.0,-0.6933635156395823
0.5016464418512392,0.0,-0.9999866229122659
-0.6690183387939677,0.0,0.8623078046485723
0.11412215960472327,0.0,-0.350893719472495
0.24292933420843443,0.0,-0.6912265580656085
0.03973116789003184,0.0,-0.12449528759874288
0.31264141919695265,0.0,-0.8317163598163319
0.09834366774162917,0.0,-0.3040639903503548
-0.72847229872594,0.0,0.753276328440406
0.379813561265659,0.0,-0.9295607105055861
-0.5629732243841765,0.0,0.9804941601001683
-0.5320099181444353,0.0,0.9949478893507578
0.3554052842000823,0.0,-0.8985869949071716
0.28749910804050427,0.0,-0.7853151960690654
0.1359430219280784,0.0,-0.41421266366468684
0.20958752760197874,0.0,-0.6118826404881467
-0.5870221126228679,0.0,0.9628616726260522
0.3808610716551599,0.0,-0.9307689098559381
-0.08873325591567416,0.0,0.27516732801218124
0.7089289176361362,0.0,-0.7922129088846324
0.2734459506002125,0.0,-0.7572261868966662
-0.17831105320636476,0.0,0.5313392838470152
-0.5235091982295226,0.0,0.9972738612094214
-0.44213953601864087,0.0,0.9835245448258894
-0.25303239536046007,0.0,0.7138108815424923
-0.40584265884024306,0.0,0.9565680749755812
0.8248839176992286,0.0,-0.5228094735961688
0.1050720905089717,0.0,-0.3241316783676508
0.8897960474340534,0.0,-0.3393407067410533
0.43141621070053593,0.0,-0.9768776531753276
0.6536572500839959,0.0,-0.8857316637074968
-0.5824375283629408,0.0,0.9666503828648806
-0.6707390520574621,0.0,0.8595578154201331
0.23867093575546816,0.0,-0.6814974277477401
-0.5155290764832752,0.0,0.9988101975249365
-0.4359066410888426,0.0,0.9797964361679413
0.5363683901318768,0.0,-0.9934800328440617
-0.3036939054647514,0.0,0.815783465388032
0.14978655962218212,0.0,-0.45339293978012685
0.8725172148896492,0.0,-0.3898778858953793
-0.36162695685874935,0.0,0.9069914821564261
0.13899012683227685,0.0,-0.4229064900836475
-0.6971154848547743,0.0,0.8143101969917732
0.3471049770372603,0.0,-0.8868406940911866
0.5238685656686137,0.0,-0.9971899186803416
0.7418260785558308,0.0,-0.7250295471205449
-0.9902735997792877,0.0,0.03055163265466881
-0.4738844643212301,0.0,0.9966362477609768
-0.9412206747308296,0.0,0.1836130091851961
0.8084198070537945,0.0,-0.5661823296167154
0.27222785431557694,0.0,-0.7547211882445558
-0.762167689657536,0.0,0.6795669962334252
0.12774756622269745,0.0,-0.39064375940509394
-0.7494694378699842,0.0,0.7082844110967822
0.09236219822423486,0.0,-0.28610975980107745
0.15552056289729443,0.0,-0.4693744951557339
0.08405484446609601,0.0,-0.26100783668102506
-0.6302330398298295,0.0,0.917463621342974
0.41502018377737127,0.0,-0.9645741484994463
-0.9944493525638733,0.0,0.01743698947170464
-0.20918714378274772,0.0,0.6108872676892023
-0.8261010179754811,0.0,0.5195462052438776
0.6394904792788425,0.0,-0.9055074406762214
0.9717905533796631,0.0,-0.0885066293796686
0.7417384903245199,0.0,-0.7252190317561593
-0.3114432555023423,0.0,0.8296206178730593
-0.2683760863351723,0.0,0.7467275243134849
0.45655058523902436,0.0,-0.9906982817608203
-0.19426783680770465,0.0,0.5731218585730035
-0.11833458233774174,0.0,0.36325488629898595
-0.3580130878309744,0.0,0.9021516986257965
-0.5596339512286612,0.0,0.9825020852099334
0.8580171373688659,0.0,-0.4314074753973024
0.9524509485291615,0.0,-0.14882481928385308
-0.9779433877137245,0.0,0.06923745274160556
-0.6403829077382688,0.0,0.9043142109182984
0.4586865170533545,0.0,-0.9915890776102949
-0.10237823682282587,0.0,0.31611407571571887
-0.31504067015116566,0.0,0.8358775026686843
-0.20433546528399638,0.0,0.5987494185113954
-0.02944079509864328,0.0,0.09235917169783238
0.4626143610932576,0.0,-0.9931106212243002
0.04637514153110733,0.0,-0.1451769391670288
-0.07174669033852821,0.0,0.22349516565228503
0.39486707252556585,0.0,-0.9459500071340022
0.25587255033165035,0.0,-0.7200312318817551
-0.3916079414581233,0.0,0.9425798907945747
0.4781285320008053,0.0,-0.9976403111360009
0.3702988510454892,0.0,-0.9181270906856847
0.6726724901239962,0.0,-0.8564378919595894
0.31703277266920926,0.0,-0.8392964329008182
-0.2685596010236624,0.0,0.7471108665624906
0.4296455881790713,0.0,-0.9756732725492306
0.3883336059878588,0.0,-0.9390945464627617
-0.9176111134980942,0.0,0.25595194319006553
-0.738730764442546,0.0,0.7316924026438829
-0.03643200656870493,0.0,0.1142047985265931
-0.5806466345896619,0.0,0.9680759587089898
-0.07998867003749988,0.0,0.24865541113531975
0.6625266874307227,0.0,-0.8724550374950725
0.383966836156991,0.0,-0.9342918037994282
0.1806239829509655,0.0,-0.5374809006352351
-0.9103603631354238,0.0,0.2779037653850339
0.04988779757503026,0.0,-0.15608630080471056
0.22066000027658594,0.0,-0.6390202406366698
0.2609505094585314,0.0,-0.7310095097016015
-0.893257463008494,0.0,0.32909173295426425
-0.19448917957427003,0.0,0.5736915539501677
0.27470419883525765,0.0,-0.7598021138769806
0.7254925875542084,0.0,-0.7594000285101826
-0.7573610924865088,0.0,0.6905669337118433
-0.2770732273961909,0.0,0.7646198150668361
-0.5460265224417056,0.0,0.9895641157991268
0.8160782005988585,0.0,-0.5461885710260378
-0.9797040121871234,0.0,0.06371853049547807
-0.3487803740912754,0.0,0.8892604926804855
0.6954634202741703,0.0,-0.817311713313607
-0.5301273995794824,0.0,0.9955242191806298
-0.20474378640178048,0.0,0.5997763497089739
-0.38310669098103634,0.0,0.9333250254579316
-0.07200289507287505,0.0,0.22427962439813093
0.8484370746850611,0.0,-0.458359918161736
-0.011027543229995329,0.0,0.034637119191381634
0.8808241354828776,0.0,-0.3657160391064579
0.5313543469027477,0.0,-0.9951525416657672
0.4406228511059065,0.0,-0.9826520273295515
-0.4621832365163292,0.0,0.9929509988716382
-0.1261111949323681,0.0,0.3859062852583316
0.37969647517137317,0.0,-0.9294250375648893
0.34297113994536566,0.0,-0.8807651831094688
0.8733678609481992,0.0,-0.3874155881081893
-0.5070497325399346,0.0,0.9997547566280435
0.0860554929466828,0.0,-0.26706999721986013
-0.3103026564054232,0.0,0.8276146422090904
-0.4013202851164288,0.0,0.9523300716130422
0.7589282620629072,0.0,-0.6869976322763969
-0.5916289635556267,0.0,0.9588533691395273
-0.22071579149293985,0.0,0.6391550492569954
-0.21449240099489453,0.0,0.6239973334610305
0.07847492959739188,0.0,-0.24404642338546215
0.3410660626507145,0.0,-0.8779152202911464
0.9274416984144611,0.0,-0.22597969251526598
-0.8306900588983261,0.0,0.5071742321973609
0.07799975775584644,0.0,-0.24259849249751353
0.5175116332679275,0.0,-0.9984870885200822
-0.8965961463252246,0.0,0.31916927594567884
0.5631993391121222,0.0,-0.9803542926629107
-0.732960844465101,0.0,0.7439273386561253
-0.9605238454572358,0.0,0.12370033244496051
0.6152470977248294,0.0,-0.9351693534108162
0.03600195842877829,0.0,-0.11286249814985003
0.3635899907223923,0.0,-0.9095714660461696
0.45797427687738446,0.0,-0.991296995909832
-0.24255298850574825,0.0,0.6903716821012151
0.9988428797164013,0.0,-0.0036351925759415364
0.43961314676096763,0.0,-0.9820587942211122
-0.5452442402992408,0.0,0.9899152522740168
0.8168481823023819,0.0,-0.5441606961158462
-0.9739483263327033,0.0,0.08175240686062463
-0.03672874870833476,0.0,0.11513089223909287
-0.49196665878417045,0.0,0.9996815515595777
0.4705322244631953,0.0,-0.9957179250424643
0.6580974109296334,0.0,-0.8791705280023663
0.666668206415068,0.0,-0.8660229851431738
0.03679767494035535,0.0,-0.11534598777514354
-0.8164455956920245,0.0,0.5452213728620546
-0.371903809504357,0.0,0.9201135356115814
-0.3428070678133799,0.0,0.8805209741272355
-0.6005252418971774,0.0,0.9505453140175959
-0.552083793993597,0.0,0.9866430963403927
-0.1292006950309963,0.0,0.3948420759035185
-0.5557625129930264,0.0,0.9846946429953636
0.7769726080318484,0.0,-0.6447232723840229
0.9714240953774336,0.0,-0.08965331421474869
-0.3400464412168902,0.0,0.876376958281967
0.2767750247513978,0.0,-0.7640157091204073
0.7709346534928072,0.0,-0.659106466077449
0.7559735787154702,0.0,-0.6937130926113803
0.2718930256213068,0.0,-0.7540306794226839
0.44284943337757254,0.0,-0.9839252636541217
0.5147459960487137,0.0,-0.9989271467895764
-0.6303859798961011,0.0,0.9172723728802563
0.3841575467910552,0.0,-0.9345052332965689
0.6341059186091877,0.0,-0.9125555576208444
-0.7498405554489813,0.0,0.7074608891990753
-0.15561818129132376,0.0,0.46964526882659924
-0.2360211397712697,0.0,0.6753817867585382
-0.48617418371801735,0.0,0.9990568450825789
-0.019182134598745293,0.0,0.060225985272879624
0.7247461962911252,0.0,-0.7609235598421773
0.17859451279313876,0.0,-0.5320934805892822
-0.8001888951638008,0.0,0.587305052526048
0.6003836263621676,0.0,-0.9506833990900538
-0.382146112943502,0.0,0.9322373085573471
-0.3256045050339469,0.0,0.8536309076903825
-0.19272126137756573,0.0,0.5691335415444315
-0.8722127406810019,0.0,0.39075854752309097
0.16033512440437847,0.0,-0.4826760039595532
-0.7632672750412937,0.0,0.6770287160423518
-0.2868620872736789,0.0,0.7840746520738395
0.03490686687365252,0.0,-0.10944348699462952
-0.4908083264235219,0.0,0.9995831030122806
0.012308571610113006,0.0,-0.03865888232229935
-0.6841808403522749,0.0,0.8372174836660032
-0.12013048642232116,0.0,0.3685056698393717
-0.09027298465763245,0.0,0.279814557538764
0.7885175364080672,0.0,-0.616580379613131
-0.03663290790995233,0.0,0.11483179644428186
0.250168301326944,0.0,-0.7074805538767655
0.72221207945439,0.0,-0.7660649248004526
0.4621684929868417,0.0,-0.9929455079191297
-0.354826118354882,0.0,0.8977871182821453
-0.9532880727735054,0.0,0.14622369195785798
0.8918637359690038,0.0,-0.33322319513557314
-0.27740799725228427,0.0,0.765297200154481
-0.6478802748828207,0.0,0.8940100102004436
0.6305718465290719,0.0,-0.9170396653651494
0.020855386570107326,0.0,-0.06547226302106225
-0.3815330410075688,0.0,0.9315386535760409
0.062492085540475806,0.0,-0.195065935702868
0.40467138143646086,0.0,-0.9554889424838509
0.7726919138046235,0.0,-0.6549446810853833
-0.024853944336403977,0.0,0.07800165455810319
0.3321819423116883,0.0,-0.8642111413451627
-0.7228777407234568,0.0,0.7647190807782047
-0.37174537457632617,0.0,0.9199184816900822
-0.3033773695866271,0.0,0.8152079279849461
-0.4178671738534676,0.0,0.9668950914079503
0.1960905765573837,0.0,-0.5778049731632485
-0.9985249759944161,0.0,0.004633907995586726
0.4555632483869938,0.0,-0.9902714319520713
0.40688660114166586,0.0,-0.9575189739413058
-0.5628778780039099,0.0,0.9805529900649601
0.0011408188531563113,0.0,-0.003583980455453658
-0.07351731917232107,0.0,0.22891356887382755
0.06774461366735163,0.0,-0.21122296017855685
0.2125671892678782,0.0,-0.6192597012434619
-0.8537766077183184,0.0,0.44338739140069644
-0.9331924226840504,0.0,0.20834468058762298
-0.8319811457248658,0.0,0.5036743730548109
0.9016839515674908,0.0,-0.3039813289416192
0.31900301404567544,0.0,-0.8426455109065197
0.8107631859008331,0.0,-0.5600987398819274
-0.577489047625944,0.0,0.9705147677801209
-0.5391354914273725,0.0,0.9924514385951341
-0.7031499985294787,0.0,0.8031607456417211
-0.5113249722163582,0.0,0.9993671537253171
-0.1469657900089283,0.0,0.4454767043013006
-0.6481913060580449,0.0,0.8935717818646307
-0.551885876142401,0.0,0.9867441912024528
0.2105365442899123,0.0,-0.6142380704415178
-0.5751754502127628,0.0,0.972241099220815
-0.5217519366290755,0.0,0.9976660228648668
-0.1643953025695004,0.0,0.49380762480767504
0.06888037582904105,0.0,-0.21470920641378988
0.05469770987911127,0.0,-0.17099349172980052
0.7621254352059375,0.0,-0.6796643746985206
0.380583953011709,0.0,-0.9304502610411487
-0.5540877991632331,0.0,0.9855979884597695
-0.23886128656397343,0.0,0.681934937971174
-0.8122046589139955,0.0,0.5563414656841739
-0.23661398427110902,0.0,0.6767541314666448
-0.87993434144813,0.0,0.3683163321014871
0.4489278234255327,0.0,-0.9871558137884971
-0.5502801446786554,0.0,0.9875502800473545
0.149885253116117,0.0,-0.4536692731172428
-0.12452545125538395,0.0,0.38130565209954276
0.5155461582952581,0.0,-0.9988075790668501
-0.2631369284730758,0.0,0.7356792982602087
-0.10629042855498749,0.0,0.3277501767832509
0.4755436832256317,0.0,-0.9970498900652113
-0.890961332973857,0.0,0.33589481009744704
-0.07290642246404944,0.0,0.22704492052519043
0.29376564238763114,0.0,-0.7973503127621308
0.1729925874582905,0.0,-0.5171110583489913
-0.8193660972115542,0.0,0.5375071802997533
0.3809621843192581,0.0,-0.9308850000433111
0.19490580627502418,0.0,-0.5747631213855774
-0.12022017373567828,0.0,0.36876758742330096
-0.2822732406611683,0.0,0.7750457798711101
0.10984570144918426,0.0,-0.3382817949166831
0.8647952180229959,0.0,-0.4121006170049713
-0.26707279968914754,0.0,0.7439979671160811
-0.733334620488203,0.0,0.7431421196969905
-0.15672217321601134,0.0,0.4727044384697627
-0.7853610686099148,0.0,0.6243569882657591
0.44295929134249357,0.0,-0.9839868384361213
0.9520683696512435,0.0,-0.1500132335501595
-0.8811649362744318,0.0,0.36471934062073236
0.09868354954101699,0.0,-0.30508102978610524
0.9793432633461014,0.0,-0.06484951222064872
-0.36280969077251557,0.0,0.9085500673230748
-0.3663048727847471,0.0,0.9130825671168596
0.8585026707194727,0.0,-0.4300308703884477
-0.4942355150195199,0.0,0.999836024522467
-0.1552973669787321,0.0,0.46875522902961503
0.6723390417107629,0.0,-0.8569782243954236
-0.5812066793204278,0.0,0.9676334464748302
-0.709545080734723,0.0,0.791030154120172
-0.6120156841997726,0.0,0.9387168747971588
-0.25246098635611003,0.0,0.7125525303896423
-0.42059384342227735,0.0,0.9690454346435255
-0.686488581376915,0.0,0.8332307171041549
-0.6018903743469615,0.0,0.9492045697900809
0.9929711467219082,0.0,-0.022079999330909438
0.33109880519259605,0.0,-0.862494105204674
-0.798795528892926,0.0,0.5908423229283937
-0.4030655737986073,0.0,0.9539884403954529
-0.06057979102873845,0.0,0.18917020679898106
0.2845099195410483,0.0,-0.7794668383925955
-0.6326083025430271,0.0,0.9144695319964442
-0.9539063589493895,0.0,0.14430189183449868
0.9581379589893564,0.0,-0.1311347031692723
0.33445303552517625,0.0,-0.8677788662191132
-0.11597894877479487,0.0,0.3563500866737233
-0.4847014686766078,0.0,0.9988452562269873
0.9913434081547992,0.0,-0.027192133198422428
-0.2961874839448002,0.0,0.8019190107601823
-0.5033921734514117,0.0,0.999943216554473
0.6341092363982144,0.0,-0.9125512949988074
0.744048338247892,0.0,-0.7202036790267664
-0.2869278375545019,0.0,0.7842028405958569
-0.8979186953950542,0.0,0.3152289331615246
0.792581421213167,0.0,-0.6064789905239916
-0.9335417371745884,0.0,0.2072712335276544
0.09153997433056338,0.0,-0.28363369689783313
-0.18953727318808444,0.0,0.5608804580365888
-0.9734078742672374,0.0,0.0834444850822772
0.25347601863252844,0.0,-0.7147862382913195
0.12701428683919702,0.0,-0.38852210438280155
0.08938132803528198,0.0,-0.2771241387511365
0.47919626518709757,0.0,-0.9978650005323132
0.11459559873765945,0.0,-0.3522861108330619
-0.556645241030528,0.0,0.9842075254235325
0.587406636647285,0.0,-0.9625348111482546
0.9281001750122293,0.0,-0.22396405739035388
-0.40023579299748,0.0,0.951285164479279
0.932522941084706,0.0,-0.21040130213861408
-0.05784698494846263,0.0,0.18073298981818756
0.37874356511349627,0.0,-0.9283161828401494
0.13198205080760772,0.0,-0.4028548254920029
0.7213524346723195,0.0,-0.767798009867365
0.6938508702223662,0.0,-0.8202202066480776
0.39909440178481903,0.0,-0.9501735087445151
-0.5455396704118762,0.0,0.9897833475223939
-0.5060519392330745,0.0,0.9998192635346844
0.37375876927292295,0.0,-0.9223802606170708
0.2594172949583222,0.0,-0.7277142597616859
-0.17884893427786563,0.0,0.5327700567655547
0.19149344252439793,0.0,-0.5659576638567755
-0.11295439714364663,0.0,0.34745600091743967
-0.33532552797424864,0.0,0.8691377539475661
0.700975717573135,0.0,-0.807211454051722
-0.3405495129548095,0.0,0.8771370472775479
-0.7513488107842372,0.0,0.7041041376619914
0.6207920478139362,0.0,-0.9288576072054158
-0.5735095258986305,0.0,0.9734523557553416
0.026139581251546584,0.0,-0.0820276491287656
0.7520016992316012,0.0,-0.7026461714025459
-0.6284466674254188,0.0,0.9196817475669689
0.22901143935534551,0.0,-0.6589790937760406
0.5648146529086295,0.0,-0.9793407246220346
0.18993147822743506,0.0,-0.5619053212647167
-0.43796137714028593,0.0,0.9810670254528353
0.8464125719652256,0.0,-0.4640033101169948
0.19792958068448407,0.0,-0.5825106740527147
0.27876272095781496,0.0,-0.7680297440900702
-0.8940038897122624,0.0,0.32687648106232703
-0.934578415316216,0.0,0.20408404616873302
0.07806697405903873,0.0,-0.2428033451159873
-0.4753253710160217,0.0,0.9969970124694815
0.35794791086318023,0.0,-0.9020633425926261
0.8617751437376446,0.0,-0.4207266766968829
0.5912321669698115,0.0,-0.959206528397571
-0.9773534918565088,0.0,0.07108609795600065
0.9322787663608896,0.0,-0.21115116628149705
0.34062223806834835,0.0,-0.8772467461383697
0.5888236638934297,0.0,-0.961318156708691
-0.3428263617811853,0.0,0.8805497038806519
-0.5075573866791796,0.0,0.9997181664854656
-0.8873357327122988,0.0,0.34660117483644626
0.38130809026917056,0.0,-0.9312814336462953
-0.23615549693179827,0.0,0.6756930085976045
0.6587834497537715,0.0,-0.8781414924089914
0.9780549303426267,0.0,-0.06888786793292097
-0.2094247813507748,0.0,0.6114781624270637
0.6018822010466134,0.0,-0.9492126490493074
0.1168682358295905,0.0,-0.3589590657784001
0.12331175205230283,0.0,-0.3777780123003972
-0.3201371768662211,0.0,0.8445587637023465
0.42261398916469073,0.0,-0.9705927420300816
-0.19827091435005784,0.0,0.5833819546027268
-0.30916765898949117,0.0,0.8256079697751384
0.19080129854859984,0.0,-0.564163648962329
-0.199015558975159,0.0,0.5852803881118954
-0.47333842469911946,0.0,0.9964941975489153
-0.7919308892946388,0.0,0.6081026727209758
-0.003737455908800813,0.0,0.0117412942375961
-0.5712808010861086,0.0,0.9750311089558147
-0.7997935389025455,0.0,0.588309870520454
0.47084550755214916,0.0,-0.9958084264571724
0.836034996632848,0.0,-0.4926316660742675
-0.10339332394123923,0.0,0.3191379258038523
0.3356574890747239,0.0,-0.869653061699001
-0.41002082617092706,0.0,0.960311937269058
-0.16116744710579578,0.0,0.48496440700015647
-0.22095207363560587,0.0,0.6397257613672326
-0.3842642197446784,0.0,0.934624467634573
-0.23946162959560469,0.0,0.6833131932296772
0.5976756062450082,0.0,-0.9532876737798589
-0.850388213616166,0.0,0.45290348275008663
0.727730725112486,0.0,-0.7548065508243756
0.016880929780854093,0.0,-0.053008149263180905
-0.09643541672073352,0.0,0.298347464357099
0.967455845942732,0.0,-0.10206244647278247
0.8733344444958309,0.0,-0.3875123683914712
0.3339439880434687,0.0,-0.8669830237263659
0.17272225106662242,0.0,-0.5163839518019459
-0.9205849754608755,0.0,0.2469094500415905
0.11409463565694944,0.0,-0.35081274723690026
-0.6098502449452972,0.0,0.9410400306396136
-0.2476723722902474,0.0,0.7019172334105219
-0.6029389548488155,0.0,0.9481628655710432
-0.9502213710079834,0.0,0.15574753196883526
0.19041965564363128,0.0,-0.5631733013943395
0.07372303256496959,0.0,-0.229542628202493
0.6582620550941956,0.0,-0.8789239394491702
0.9493330905008588,0.0,-0.1585034832888379
-0.07988951641387443,0.0,0.24835368237823663
-0.4412749151917126,0.0,0.9830298814082472
-0.575115106441483,0.0,0.9722854388816886
0.9731118733035868,0.0,-0.08437112017846486
0.8987285648674839,0.0,-0.3128133539270269
0.012206164414658716,0.0,-0.03833739913214268
-0.8137758368737977,0.0,0.5522331162020527
0.5827339188175458,0.0,-0.966411499700664
0.8545531706953498,0.0,-0.44119934727843424
-0.10144805652757771,0.0,0.31334033173405246
0.7722101247779452,0.0,-0.6560877114369825
0.9353822613317777,0.0,-0.20161119154114815
0.872895419422911,0.0,-0.3887834699099821
0.8377690293702982,0.0,-0.48788365028606995
0.5079002007673974,0.0,-0.9996920191506553
0.3028463392176117,0.0,-0.8142405783086356
-0.8757799801822626,0.0,0.3804184298075844
-0.02229435149528758,0.0,0.06998252075749059
0.8806673062155848,0.0,-0.3661745577480909
0.9192742936182319,0.0,-0.2508974863375226
-0.5543697986791702,0.0,0.9854477866365505
-0.07851741016561009,0.0,0.2441758425977653
-0.32760652354563846,0.0,0.8568900804903488
-0.9289273911708349,0.0,0.2214305434093961
-0.25509780195737397,0.0,0.7183400857908042
-0.29363274616901336,0.0,0.7970982715381525
0.3593780364922625,0.0,-0.903993371710684
-0.6001453279111328,0.0,0.95091533203888
0.4910673495223852,0.0,-0.9996062668963218
0.6419115624740397,0.0,-0.9022537980010364
0.7151067398164312,0.0,-0.7802206989530993
0.9035421872859675,0.0,-0.2984146183657072
-0.9817334881051716,0.0,0.057354448047783085
0.8044393923891631,0.0,-0.5764452854122456
-0.6024673478368217,0.0,0.9486326537772917
-0.8781835879969748,0.0,0.37342423150522686
-0.1858937288107143,0.0,0.5513673738068217
0.3597532724797108,0.0,-0.9044967517632729
-0.48730234702123987,0.0,0.9992044654124601
0.1473066812820547,0.0,-0.4464352556698237
-0.3081684438556138,0.0,0.8238326708113504
0.7446999199295243,0.0,-0.7187820359675844
0.437969595730755,0.0,-0.9810720255428236
0.33948019424860054,0.0,-0.875518799561835
-0.6280026169196316,0.0,0.9202286297362094
-0.5726031249515313,0.0,0.9741001815216176
-0.26285243464124153,0.0,0.7350736314896663
0.022078893494077434,0.0,-0.06930728306888292
-0.8563344901500629,0.0,0.43617040184515155
0.5503510960292408,0.0,-0.987515192488746
0.692359420516947,0.0,-0.8228915394144644
0.38027149988349174,0.0,-0.930090136546028
-0.22913560699509183,0.0,0.6592724498116662
0.2633706333728971,0.0,-0.736176399427622
-0.17197964591302672,0.0,0.5143846988308304
0.8979210004109923,0.0,-0.31522206093121197
0.002792828901845068,0.0,-0.008773818188949982
-0.8241963931913858,0.0,0.5246494771556636
-0.9750094922652903,0.0,0.07842936678973084
0.3091876527635036,0.0,-0.8256434096167129
-0.20888074602252527,0.0,0.6101248956893293
0.8763048102862023,0.0,-0.378893077075978
0.22317846124225538,0.0,-0.6450859901835267
0.8804775648302403,0.0,-0.3667291820649198
0.6631687078708299,0.0,-0.8714675832112904
0.3901778875964286,0.0,-0.9410699258301262
-0.6538356987639318,0.0,0.8854712892914124
0.6405850457041888,0.0,-0.9040429527695653
-0.17770449877461836,0.0,0.5297240186845356
0.8112562938336547,0.0,-0.5588147171579712
0.4356786341871275,0.0,-0.979652925747228
0.17809430260253611,0.0,-0.5307622943948648
-0.4624296807511281,0.0,0.9930424670148558
-0.9468711419157179,0.0,0.16613533024775312
0.07991235215887071,0.0,-0.24842317467303177
0.15608664801762506,0.0,-0.4709440856664862
0.4134890313147632,0.0,-0.9632939909132446
0.9440607019548097,0.0,-0.17483529857260097
0.5808192492045516,0.0,-0.9679398888835651
-0.7056377162415173,0.0,0.798480145715147
-0.563231153769302,0.0,0.9803345734189223
0.16913152278951826,0.0,-0.5066910740239134
-0.9040191943052753,0.0,0.29698400204760406
-0.26553081156723213,0.0,0.7407523774912065
-0.8736292260467646,0.0,0.3866584787850123
-0.4348239872070825,0.0,0.9791105275576406
0.8167142853358045,0.0,-0.5445135650947007
0.11748406705510095,0.0,-0.36076414295476306
0.2598043915882202,0.0,-0.7285478205830369
0.2833449378874604,0.0,-0.7771689039368154
0.47396052592552396,0.0,-0.9966558021992143
-0.6340853164345641,0.0,0.91258202462036
0.9043598179500192,0.0,-0.2959620117806449
-0.1861697948094152,0.0,0.5520907113512471
0.7683050435482659,0.0,-0.6652967094812448
0.4860816729036035,0.0,-0.9990441832638547
0.06418456645957349,0.0,-0.2002780988462043
0.5145076490582816,0.0,-0.9989615426795662
-0.03842329847103665,0.0,0.12041742082813532
0.39411222704433735,0.0,-0.9451782678931503
-0.2727640734068477,0.0,0.7558252795500814
0.46211500527258287,0.0,-0.99292556953521
-0.011268246027837492,0.0,0.03539284560945342
-0.22134615912682176,0.0,0.6406768447692086
-0.7285205945219744,0.0,0.7531765291331349
0.03767572716971079,0.0,-0.1180856160544991
0.44908740319101526,0.0,-0.9872357831721021
0.9488097675202116,0.0,-0.1601265523592863
-0.45388502162262534,0.0,0.9895240351582785
0.22614571257942329,0.0,-0.6521808119990531
0.012773805433793362,0.0,-0.0401193230962915
0.2890936047417012,0.0,-0.7884065433264934
-0.03188528821582626,0.0,0.1000031501843228
0.5633298240206133,0.0,-0.9802733537009329
0.4664040117491959,0.0,-0.9944353046439266
0.9613121412853909,0.0,-0.1212424717382443
-0.053262983496336735,0.0,0.16655082713710664
0.16869591005222673,0.0,-0.505510762846746
-0.723321664673779,0.0,0.7638196894223918
-0.6292176438814066,0.0,0.9187279802788266
0.2251899004810145,0.0,-0.6499015832892511
0.3173738760410141,0.0,-0.839878556292
0.5897010463321135,0.0,-0.9605552879483031
0.7580688802765059,0.0,-0.6889569818310066
-0.4912153162675841,0.0,0.9996192021866449
0.26235018409197886,0.0,-0.7340029433770962
0.3922036556953328,0.0,-0.943203281894309
-0.8328933705025285,0.0,0.501196528464993
0.3494651362228567,0.0,-0.8902424154902717
-0.6344311552745854,0.0,0.9121372293190312
0.760201523375762,0.0,-0.684085455555047
0.29438448973168607,0.0,-0.7985221420447199
0.9843309843139649,0.0,-0.04920578665021242
-0.223192408811844,0.0,0.6451194710161708
0.7232504734092682,0.0,-0.7639640232191074
-0.7899856550394859,0.0,0.6129426621741929
0.15818115717151127,0.0,-0.4767385648057003
-0.6393208025304571,0.0,0.9057335035453965
0.03751670145651076,0.0,-0.1175895027767694
0.27820938790154526,0.0,-0.7669153221188346
0.09486709965342044,0.0,-0.29364123810790127
0.5929872475688518,0.0,-0.9576331844842585
0.7133099596964592,0.0,-0.7837390663714199
0.8439743025124236,0.0,-0.470775158918041
0.42804773195669354,0.0,-0.9745604922091256
0.17935742005134414,0.0,-0.534121238899726
0.20252504956411221,0.0,-0.5941843618264756
0.9379932351070774,0.0,-0.1935703186705613
-0.003903797036350465,0.0,0.012263832653038357
0.9858019808303649,0.0,-0.04458960373142832
-0.9290350180504219,0.0,0.22110080438104032
-0.8277389795498644,0.0,0.5151425496870998
0.935352552960258,0.0,-0.20170260575933135
-0.971794147583678,0.0,0.0884953821616967
0.8710720887433296,0.0,-0.3940545856228238
0.6789382635641878,0.0,-0.8461104987818838
0.6737027393013038,0.0,-0.8547625019893821
-0.24139505288056173,0.0,0.6877353633061398
-0.5093270226878761,0.0,0.9995707357288497
-0.34067457207478147,0.0,0.8773256586366825
-0.871840183997888,0.0,0.3918356445299283
0.6185653902984982,0.0,-0.9314261595361841
-0.22140708999772785,0.0,0.6408238073254059
-0.44882780209621953,0.0,0.9871055641255642
0.8350446485107557,0.0,-0.4953368228456577
0.9572956722557391,0.0,-0.13375751239496994
0.47137009652912387,0.0,-0.9959578100618259
0.23717867520793146,0.0,-0.6780591220756613
0.4678379244021629,0.0,-0.9948997862810691
-0.9155121342763359,0.0,0.26232081600385493
-0.717112579706503,0.0,0.7762635986444628
-0.03766190986776796,0.0,0.11804251131897268
0.5776047031142031,0.0,-0.9704271230536904
0.48121706405441955,0.0,-0.9982595134008153
0.21315626094833773,0.0,-0.6207117239034764
-0.9874351485956843,0.0,0.039463394564614306
-0.2130114157914067,0.0,0.6203548870894011
0.3124276073820489,0.0,-0.8313432385085486
-0.5497743781666389,0.0,0.9877989750809691
-0.8728313096639253,0.0,0.3889690239322831
-0.1764943529033598,0.0,0.5264956376918777
-0.8948432939559174,0.0,0.32438314295159554
-0.48691396609582127,0.0,0.9991550623471597
-0.40004344578102247,0.0,0.9510986848403058
-0.4087587274653903,0.0,0.9591984409164455
0.5869925740284043,0.0,-0.9628867235557218
-0.6607264987435693,0.0,0.8752048617626497
-0.46665915443360806,0.0,0.9945194281802547
-0.7903243663038131,0.0,0.6121015464347322
0.8984673275013315,0.0,-0.3135927626679729
-0.032785514321029385,0.0,0.102816713075939
0.2440005255962996,0.0,-0.6936544951929451
0.5850813812654989,0.0,-0.9644899233595896
-0.2350767559194098,0.0,0.6731908455012455
0.6618233228710431,0.0,-0.8735327672781023
-0.18954930519437863,0.0,0.5609117518555847
-0.3477801603123418,0.0,0.8878188296853297
-0.24750601678553164,0.0,0.7015448961449248
-0.7612721332440022,0.0,0.6816283058815898
-0.17548028449233732,0.0,0.523784482585466
-0.029978966148447528,0.0,0.09404252658404706
0.6551778151814598,0.0,-0.8835040959138005
-0.7410719495562323,0.0,0.7266591976100488
-0.22324718554862044,0.0,0.6452509493775722
0.09223319168798061,0.0,-0.28572139255788764
-0.5964803567015244,0.0,0.9544151966221649
-0.20352528063869602,0.0,0.5967088817227366
0.7660082856875552,0.0,-0.6706662685819006
0.18476435964452742,0.0,-0.5484039311196065
-0.9413285916957703,0.0,0.18327973149635624
-0.25259928792703,0.0,0.7128573074946394
0.7306575113290747,0.0,-0.7487434428466939
0.1974914481428991,0.0,-0.5813913253380975
-0.6835421052182336,0.0,0.838313171792582
0.36258602978578547,0.0,-0.9082562920501174
-0.8121462269997057,0.0,0.5564939938894168
-0.07676135351074143,0.0,0.23882232790110297
